studyid,class,n,mean_change,sd_change,source,pooled_sd_study,z_mean_change,z_sd_change,treatment_id
003-008 (FDA),Mirtazapine,58,-14.899999999999999,10.889444430272832,change_from_baseline,9.97609643096938,-1.4935701657559222,1,trt_026
003-008 (FDA),Placebo,28,-9.6,7.7,change_from_baseline,9.97609643096938,-0.9623002410239498,1,trt_031
29060 07 001,Placebo,11,-10.91,9.38604815670578,change_from_baseline,10.312668584480624,-1.0579220994668916,1,trt_031
29060 07 001,SSRIs,12,-13.08,10.2190997646564,change_from_baseline,10.312668584480624,-1.2683429020189683,1,trt_039
29060 07 001,TCAs,13,-13.31,11.1050979284291,change_from_baseline,10.312668584480624,-1.2906455677272528,1,trt_046
29060/299,SSRIs,102,-14.3,9.35,change_from_baseline,8.887769798999072,-1.6089525632865116,1,trt_039
29060/299,TCAs,100,-14.39,8.39,change_from_baseline,8.887769798999072,-1.6190788381603427,1,trt_046
Ai 2018,Acupuncture + AD,50,-21.71,4.70927807630851,baseline_followup,5.02928424330938,-4.316717638077728,1,trt_002
Ai 2018,SSRIs,50,-18.57,5.33011256916775,baseline_followup,5.02928424330938,-3.6923743223907604,1,trt_039
Akhondzadeh 2003,SSRIs,17,-16.82,11.08,change_from_baseline,9.587217680700842,-1.7544193279202178,1,trt_039
Akhondzadeh 2003,TCAs,20,-20.3,8.12,change_from_baseline,9.587217680700842,-2.1174026371450902,1,trt_046
Albornoz 2011,Music therapy group,12,-7.830000000000001,4.61788912816235,baseline_followup,6.025350612205071,-1.299509440021531,1,trt_027
Albornoz 2011,No treatment,12,-3.84,7.16134065660893,baseline_followup,6.025350612205071,-0.6373073115814404,1,trt_028
Alexopoulos 2003b,Counselling individual,13,-11.43,5.93854359249808,baseline_followup,5.695827992639802,-2.0067319474481926,1,trt_013
Alexopoulos 2003b,Problem solving individual,12,-16.81,5.41866219652047,baseline_followup,5.695827992639802,-2.951282942835006,1,trt_033
Allard 2004,SNRIs,73,-18,6.85054742338158,baseline_followup,7.034523476963116,-2.558808718024324,1,trt_038
Allard 2004,SSRIs,75,-17.4,7.20902212508743,baseline_followup,7.034523476963116,-2.4735150940901796,1,trt_039
Allen 2006,Acupuncture,53,-14.0073233346625,4.8,binary_response_converted,4.6798268366232545,-2.9931285544679542,1,trt_001
Allen 2006,Sham acupuncture,52,-14.0073233346625,5,binary_response_converted,4.6798268366232545,-2.9931285544679542,1,trt_042
Allen 2006,Waitlist,52,-14.0073233346625,4.2,binary_response_converted,4.6798268366232545,-2.9931285544679542,1,trt_048
Alves 1999,SNRIs,40,-14.007323334662498,5.2,binary_response_converted,4.542893610127931,-3.083348309860165,1,trt_038
Alves 1999,SSRIs,47,-14.0073233346625,3.9,binary_response_converted,4.542893610127931,-3.0833483098601655,1,trt_039
Amsterdam 1986,Placebo,54,-5.7,7.46371891217776,baseline_followup,7.451639536082039,-0.7649323309856417,1,trt_031
Amsterdam 1986,TCAs,55,-12.4,7.43976478122797,baseline_followup,7.451639536082039,-1.664063316530168,1,trt_046
Andreescu 2011,Acupuncture,23,-7.4,6.2,change_from_baseline,6.812505600595095,-1.086237639107935,1,trt_001
Andreescu 2011,Sham acupuncture,22,-7.9,7.4,change_from_baseline,6.812505600595095,-1.1596320741827955,1,trt_042
Andreoli 2002/Dubini 1997/Massana 1998_study 1,Placebo,128,-8.6,4.47,change_from_baseline,4.535208899581788,-1.8962742820497298,1,trt_031
Andreoli 2002/Dubini 1997/Massana 1998_study 1,SSRIs,127,-13.3,4.6,change_from_baseline,4.535208899581788,-2.9326102268908616,1,trt_039
Arean 1993,Problem solving group,19,-16.4,6.02245796996542,baseline_followup,5.555883173523165,-2.9518259271820195,1,trt_032
Arean 1993,Waitlist,20,-0.399999999999999,5.07444578254611,baseline_followup,5.555883173523165,-0.0719957543215125,1,trt_048
Arean 2010,Counselling individual,111,-8.62,6.55057249406493,baseline_followup,6.854564689141504,-1.2575561528590091,1,trt_013
Arean 2010,Problem solving individual,110,-11.27,7.14825153446631,baseline_followup,6.854564689141504,-1.6441598425430433,1,trt_033
Ashouri 2013,Any AD,13,-8.75,5.67072305795302,baseline_followup,6.0121744764672185,-1.4553802512300908,1,trt_003
Ashouri 2013,Cognitive and cognitive behavioural therapies individual + AD,20,-37.1,6.218174973414625,baseline_followup,6.0121744764672185,-6.170812265215585,1,trt_011
Bakish 1992b,Placebo,56,-14.0073233346625,3.56,binary_response_converted,3.4938785912821113,-4.009104200018118,1,trt_031
Bakish 1992b,TCAs,59,-14.0073233346625,3.43,binary_response_converted,3.4938785912821113,-4.009104200018118,1,trt_046
Baldwin 2012,Placebo,145,-14.8,9.63,change_from_baseline,9.701211405784642,-1.5255826701369533,1,trt_031
Baldwin 2012,SNRIs,149,-16.8,9.77,change_from_baseline,9.701211405784642,-1.7317424904257308,1,trt_038
Basterzi 2009,SNRIs,21,-15.3,7.06611633077181,baseline_followup,7.050877821149683,-2.169942578512196,1,trt_038
Basterzi 2009,SSRIs,22,-13.6,7.03633427290091,baseline_followup,7.050877821149683,-1.9288378475663968,1,trt_039
Baune 2018,Placebo,48,-8,8.38,change_from_baseline,8.484669969409294,-0.9428769803472936,1,trt_031
Baune 2018,SSRIs,52,-15.96,8.58,change_from_baseline,8.484669969409294,-1.8810395757928509,1,trt_039
Beach 1992,Cognitive and cognitive behavioural therapies individual,15,-17.4,7.36643740216395,baseline_followup,8.362275408045347,-2.0807733721923887,1,trt_010
Beach 1992,Waitlist,15,-7.86,9.251535007770332,baseline_followup,8.362275408045347,-0.9399355577834584,1,trt_048
Beasley 1991a,SSRIs,63,-12.2,7.2,change_from_baseline,7.441477892215967,-1.6394592817055338,1,trt_039
Beasley 1991a,Trazodone,57,-13.9,7.7,change_from_baseline,7.441477892215967,-1.8679085258776167,1,trt_047
Beasley 1993b,SSRIs,65,-12.9,9.9,change_from_baseline,10.110929508328503,-1.275847090949858,1,trt_039
Beasley 1993b,TCAs,71,-11.6,10.3,change_from_baseline,10.110929508328503,-1.147273353102198,1,trt_046
Benkert 1996,SNRIs,85,-14.007323334662502,6.2,binary_response_converted,5.959789502078988,-2.3503050451322562,1,trt_038
Benkert 1996,TCAs,82,-14.007323334662498,5.7,binary_response_converted,5.959789502078988,-2.3503050451322554,1,trt_046
Benkert 2000,Mirtazapine,139,-14.0073233346625,3.3,binary_response_converted,3.2509339317450654,-4.308707475683311,1,trt_026
Benkert 2000,SSRIs,136,-14.0073233346625,3.2,binary_response_converted,3.2509339317450654,-4.308707475683311,1,trt_039
Bersani 1994,SSRIs,31,-17,6.02577795807313,baseline_followup,5.803899916201875,-2.9290649813832346,1,trt_039
Bersani 1994,TCAs,30,-16,5.56506963119061,baseline_followup,5.803899916201875,-2.7567670413018677,1,trt_046
Bhargava 2012,SSRIs,30,-11.7,3.0882195517806,baseline_followup,3.6381245168355627,-3.2159427050552543,1,trt_039
Bhargava 2012,TCAs,30,-13.33,4.11519136857571,baseline_followup,3.6381245168355627,-3.663975748580046,1,trt_046
Bielski 2004,SNRIs,98,-13.6,9.600000000000001,change_from_baseline,9.954341360285897,-1.3662380571213801,1,trt_038
Bielski 2004,SSRIs,97,-15.9,10.3,change_from_baseline,9.954341360285897,-1.5972930226639666,1,trt_039
Binnemann 2008,Placebo,31,-10.18,7.57,change_from_baseline,7.589687360971342,-1.3412937207860358,1,trt_031
Binnemann 2008,SSRIs,30,-13.42,7.61,change_from_baseline,7.589687360971342,-1.7681887753387622,1,trt_039
Bjerkenstedt 2005,Placebo,55,-9.7,7,change_from_baseline,7.511984194742164,-1.2912700224781204,1,trt_031
Bjerkenstedt 2005,SSRIs,54,-8.9,8,change_from_baseline,7.511984194742164,-1.184773525778894,1,trt_039
Blackburn 1997,Any AD,38,-17.5,8.577295611088614,baseline_followup,7.775602870517502,-2.2506293455847874,1,trt_003
Blackburn 1997,Cognitive and cognitive behavioural therapies individual,24,-9.5,6.2745517768204,baseline_followup,7.775602870517502,-1.221770216174599,1,trt_010
Blashki 1971,Placebo,18,-7.5,8.31384387633061,baseline_followup,7.599908200179971,-0.9868540253976218,1,trt_031
Blashki 1971,TCAs,27,-23.6,7.094363960215177,baseline_followup,7.599908200179971,-3.105300666584517,1,trt_046
Blom 2007,Any AD,47,-6.4,8.67582849069759,baseline_followup,9.666078252480096,-0.6621092683951638,1,trt_003
Blom 2007,Interpersonal psychotherapy (IPT) individual,50,-9.9,9.7923439482077,baseline_followup,9.666078252480096,-1.024200274548769,1,trt_020
Blom 2007,Interpersonal psychotherapy (IPT) individual + AD,49,-12.8,9.439809320108111,baseline_followup,9.666078252480096,-1.3242185367903276,1,trt_021
Blom 2007,Interpersonal psychotherapy (IPT) individual + placebo,47,-11.099999999999998,10.6531685427388,baseline_followup,9.666078252480096,-1.1483457623728621,1,trt_022
Blumenthal 2007/Hoffman 2011,Exercise group,51,-7.2,6.9,change_from_baseline,6.9518037772635495,-1.0357024206506227,1,trt_016
Blumenthal 2007/Hoffman 2011,Exercise individual,53,-7.099999999999999,6.9,change_from_baseline,6.9518037772635495,-1.0213176648082527,1,trt_018
Blumenthal 2007/Hoffman 2011,Placebo,49,-6.1,7.3,change_from_baseline,6.9518037772635495,-0.8774701063845552,1,trt_031
Blumenthal 2007/Hoffman 2011,SSRIs,49,-6.1,6.7,change_from_baseline,6.9518037772635495,-0.8774701063845552,1,trt_039
Bose 2008,Placebo,134,-10.6,10.42,change_from_baseline,10.32239992588376,-1.0268929780002176,1,trt_031
Bose 2008,SSRIs,129,-12.1,10.22,change_from_baseline,10.32239992588376,-1.1722080220568523,1,trt_039
Boulenger 2014,Placebo,158,-11.7,9.55,change_from_baseline,9.430794018947429,-1.2406166412386384,1,trt_031
Boulenger 2014,SNRIs,146,-21.15,9.3,change_from_baseline,9.430794018947429,-2.242653159162154,1,trt_038
Bowman 1995,Self-help,20,-18.1,7.838367176906172,baseline_followup,7.637945684915173,-2.3697471475539853,1,trt_040
Bowman 1995,Waitlist,10,-0.199999999999999,7.19652694012883,baseline_followup,7.637945684915173,-0.02618505135418755,1,trt_048
Brannan 2005,Placebo,136,-10.27,7.809999999999999,change_from_baseline,7.869326432182145,-1.3050672237969614,1,trt_031
Brannan 2005,SNRIs,132,-10.85,7.93,change_from_baseline,7.869326432182145,-1.378771117643333,1,trt_038
Burke 2002,Placebo,119,-9.4,9.82,change_from_baseline,14.715998969586735,-0.6387605774794355,1,trt_031
Burke 2002,SSRIs,366,-38.7,15.981132625693338,change_from_baseline,14.715998969586735,-2.6297908881334204,1,trt_039
Carman 1991,Placebo,48,-7.5,7.76,change_from_baseline,7.76,-0.9664948453608248,1,trt_031
Carman 1991,TCAs,48,-13.5,7.76,change_from_baseline,7.76,-1.7396907216494846,1,trt_046
Chang 2015,SNRIs,54,-17.2,7.4222638056054,baseline_followup,7.166525720953695,-2.4000472013531104,1,trt_038
Chang 2015,SSRIs,58,-16.3,6.92026011071838,baseline_followup,7.166525720953695,-2.2744633361660296,1,trt_039
Chiu 1996,SSRIs,15,-20.2,9.1,change_from_baseline,8.756997202237763,-2.3067267847063024,1,trt_039
Chiu 1996,TCAs,15,-15.3,8.4,change_from_baseline,8.756997202237763,-1.7471742478221004,1,trt_046
Choi 2012,Self-help with support,25,-12.28,8.92865611388411,baseline_followup,8.291118685473256,-1.4811029085273621,1,trt_041
Choi 2012,Waitlist,30,0.440000000000001,7.72380735130026,baseline_followup,8.291118685473256,0.05306883385602939,1,trt_048
Choi 2014a/Choi 2014b,Attention placebo,36,-5.71,6.74005934691973,baseline_followup,7.972375836009504,-0.7162231331605267,1,trt_005
Choi 2014a/Choi 2014b,Problem solving individual,85,-23.53,8.432858352895535,baseline_followup,7.972375836009504,-2.9514413876124683,1,trt_033
Claghorn 1992a,Placebo,27,-4.59,9.35,change_from_baseline,9.371775562452532,-0.4897684509635042,1,trt_031
Claghorn 1992a,SSRIs,32,-10.72,9.39,change_from_baseline,9.371775562452532,-1.1438600859104064,1,trt_039
Claghorn 1992b,Placebo,27,-5.490000000000001,8.31,change_from_baseline,8.315440088152227,-0.6602176122731146,1,trt_031
Claghorn 1992b,SSRIs,32,-11.44,8.32,change_from_baseline,8.315440088152227,-1.3757540044452512,1,trt_039
Clayton 2006_study 1,Placebo,130,-12.1,7.9799999999999995,change_from_baseline,8.025643383812785,-1.5076672886319538,1,trt_031
Clayton 2006_study 1,SSRIs,133,-14.2,8.07,change_from_baseline,8.025643383812785,-1.7693285536011358,1,trt_039
Clayton 2006_study 2,Placebo,126,-11.9,7.86,change_from_baseline,7.9685512209128255,-1.4933705852036694,1,trt_031
Clayton 2006_study 2,SSRIs,133,-12.9,8.07,change_from_baseline,7.9685512209128255,-1.6188639116913728,1,trt_039
Clerc 1994,SNRIs,33,-22.8,10.7140095202496,baseline_followup,12.056456935856156,-1.8911028440032265,1,trt_038
Clerc 1994,SSRIs,34,-15.7,13.228756555323,baseline_followup,12.056456935856156,-1.302206782932046,1,trt_039
Cohn 1990b,SSRIs,121,-13.3,7.76,change_from_baseline,7.76,-1.713917525773196,1,trt_039
Cohn 1990b,TCAs,64,-14.2,7.76,change_from_baseline,7.76,-1.8298969072164948,1,trt_046
Connolly Gibbons 2012,Any psychotherapy,15,-3.9,6.61183786855062,baseline_followup,6.215104238036169,-0.6275035543462278,1,trt_004
Connolly Gibbons 2012,Short-term psychodynamic psychotherapies individual,16,-6.4,5.82047248941183,baseline_followup,6.215104238036169,-1.0297494225168868,1,trt_043
Connolly Gibbons 2016,Cognitive and cognitive behavioural therapies individual,119,-5.02,5.11862286166895,baseline_followup,5.219353387847393,-0.9618049645169529,1,trt_010
Connolly Gibbons 2016,Short-term psychodynamic psychotherapies individual,118,-4.16,5.31901306634981,baseline_followup,5.219353387847393,-0.7970335960937299,1,trt_043
Cornelius 1997,Counselling individual + AD,25,-6,9.600000000000001,change_from_baseline,11.635703323681586,-0.5156542611213273,1,trt_014
Cornelius 1997,Counselling individual + placebo,26,-2,13.299999999999999,change_from_baseline,11.635703323681586,-0.1718847537071091,1,trt_015
Costa 1998,SNRIs,196,-21.4,7.54453444554401,baseline_followup,7.237248313958473,-2.956924934954331,1,trt_038
Costa 1998,SSRIs,186,-20.6,6.89855057240287,baseline_followup,7.237248313958473,-2.8463856850494964,1,trt_039
De Ronchi 1998,SSRIs,32,-11.38,7.40520762706894,baseline_followup,7.818069119795806,-1.4556023777258733,1,trt_039
De Ronchi 1998,TCAs,33,-12.56,8.19822541773523,baseline_followup,7.818069119795806,-1.6065347859610692,1,trt_046
DeJonghe 2001/Kool 2003,Any AD,20,-9.1,7.88500475586413,baseline_followup,6.869674434008371,-1.3246624839963865,1,trt_003
DeJonghe 2001/Kool 2003,Short-term psychodynamic psychotherapies individual + AD,23,-8.61,5.85272586065672,baseline_followup,6.869674434008371,-1.2533345040888888,1,trt_044
DeNayer 2002,SNRIs,64,-14.4,7.6,change_from_baseline,8.12701495587545,-1.7718682785971096,1,trt_038
DeNayer 2002,SSRIs,67,-10.4,8.6,change_from_baseline,8.12701495587545,-1.2796826456534682,1,trt_039
Demyttenaere 1998,SSRIs,35,-15,5.5380501984001596,baseline_followup,4.939445819117771,-3.0367779198920606,1,trt_039
Demyttenaere 1998,TCAs,31,-16.7,4.15812457725836,baseline_followup,4.939445819117771,-3.380946084146494,1,trt_046
Detke 2004,Placebo,93,-8.8,4.82,change_from_baseline,5.888752883787517,-1.494374135519851,1,trt_031
Detke 2004,SNRIs,186,-23.1,6.816509370638318,change_from_baseline,5.888752883787517,-3.922732105739609,1,trt_038
Detke 2004,SSRIs,85,-11.7,4.61,change_from_baseline,5.888752883787517,-1.9868383392707107,1,trt_039
Deushle 2003,SSRIs,40,-10.9,7.11898869222307,baseline_followup,6.807716210301364,-1.6011243217668556,1,trt_039
Deushle 2003,TCAs,40,-13.5,6.48151216923952,baseline_followup,6.807716210301364,-1.9830438847571148,1,trt_046
Diaz-Martinez 1998,SNRIs,55,-23.1,7.10225959986558,baseline_followup,7.136242587863614,-3.2369975817926164,1,trt_038
Diaz-Martinez 1998,SSRIs,55,-24,7.17006451308452,baseline_followup,7.136242587863614,-3.3631143706936273,1,trt_039
Dierick 1996,SNRIs,153,-16.3,8.60639297266863,baseline_followup,8.1531148680294,-1.999235907237953,1,trt_038
Dierick 1996,SSRIs,161,-14.2,7.69781787261819,baseline_followup,8.1531148680294,-1.7416656369803025,1,trt_039
Duan 2009,Acupuncture + AD,46,-13.7,4.64865571966778,baseline_followup,4.7515786850266934,-2.8832522637522175,1,trt_002
Duan 2009,SSRIs,44,-12.4,4.85695377783236,baseline_followup,4.7515786850266934,-2.6096589832501826,1,trt_039
Dube 2010,Placebo,122,-13,8.84,change_from_baseline,8.833912841541625,-1.4716015692239206,1,trt_031
Dube 2010,SSRIs,54,-15,8.82,change_from_baseline,8.833912841541625,-1.6980018106429853,1,trt_039
Dubey 2012,SNRIs,30,-20.27,7.04,change_from_baseline,7.440228491115041,-2.724378696730348,1,trt_038
Dubey 2012,TCAs,30,-25.530000000000005,7.82,change_from_baseline,7.440228491115041,-3.4313462322410357,1,trt_046
E-1569,Mirtazapine,72,-12.2,7.5,change_from_baseline,7.06434710358997,-1.7269819589980488,1,trt_026
E-1569,SSRIs,72,-15,6.6,change_from_baseline,7.06434710358997,-2.1233384741779293,1,trt_039
Eli Lilly HMAT-A,Placebo,89,-4.78,6.42,change_from_baseline,6.389266590075509,-0.7481296847786578,1,trt_031
Eli Lilly HMAT-A,SNRIs,81,-6.31,6.3,change_from_baseline,6.389266590075509,-0.9875937889023704,1,trt_038
Eli Lilly HMAT-A,SSRIs,87,-7.4,6.44,change_from_baseline,6.389266590075509,-1.1581923990297214,1,trt_039
Elkin 1989/Imber 1990,Cognitive and cognitive behavioural therapies individual,59,-8.9,6.84178339323893,baseline_followup,6.8244928110197005,-1.3041262180874336,1,trt_010
Elkin 1989/Imber 1990,Interpersonal psychotherapy (IPT) individual,61,-9.8,6.87240860252066,baseline_followup,6.8244928110197005,-1.4360041502535785,1,trt_020
Elkin 1989/Imber 1990,Placebo,62,-6.3,6.79117073853986,baseline_followup,6.8244928110197005,-0.9231455251630147,1,trt_031
Elkin 1989/Imber 1990,TCAs,57,-9.7,6.79117073853986,baseline_followup,6.8244928110197005,-1.4213510466795622,1,trt_046
Emsley 2018,Placebo,106,-9.5,5.97745765355138,baseline_followup,5.853665180005083,-1.622914824792174,1,trt_031
Emsley 2018,SSRIs,98,-13.6,5.71664237118258,baseline_followup,5.853665180005083,-2.323330696544586,1,trt_039
FDA 244 (EMD 68 843-009),Placebo,95,-9.3,7.8,change_from_baseline,7.609219393618493,-1.2222015845409173,1,trt_031
FDA 244 (EMD 68 843-009),SSRIs,89,-9.1,7.3999999999999995,change_from_baseline,7.609219393618493,-1.1959176794970265,1,trt_039
FDA 245 (EMD 68 843-010),Placebo,99,-10.2,7.96,change_from_baseline,7.821712657013737,-1.304062223617183,1,trt_031
FDA 245 (EMD 68 843-010),SSRIs,92,-11.1,7.67,change_from_baseline,7.821712657013737,-1.419126537465758,1,trt_039
Fabre 1992,Placebo,36,-3.06,8.1,change_from_baseline,8.109401950822267,-0.37733978640554694,1,trt_031
Fabre 1992,SSRIs,38,-9.13,8.13702648391905,change_from_baseline,8.109401950822267,-1.1258536764322367,1,trt_039
Fabre 1992,TCAs,37,-7.62,8.09007416529663,change_from_baseline,8.109401950822267,-0.9396500563432247,1,trt_046
Fabre 1995a,Placebo,86,-7.6000000000000005,7.5,change_from_baseline,13.41509532611288,-0.5665259780306127,1,trt_031
Fabre 1995a,SSRIs,261,-29.6,14.846211637990345,change_from_baseline,13.41509532611288,-2.206469598645544,1,trt_039
Fagiolini 2020,SNRIs,152,-14.700000000000001,6.56,change_from_baseline,6.696624878392455,-2.195135649218085,1,trt_038
Fagiolini 2020,Trazodone,165,-12.9,6.82,change_from_baseline,6.696624878392455,-1.9263435289056665,1,trt_047
Farabaugh 2015,Cognitive and cognitive behavioural therapies individual,15,-8.8,5.60853813395255,baseline_followup,6.722316069133709,-1.3090726335237668,1,trt_010
Farabaugh 2015,SSRIs,11,-5.45,8.02601395463526,baseline_followup,6.722316069133709,-0.8107324832618783,1,trt_039
Fava 1998a,Placebo,19,-11.6,8.9,change_from_baseline,12.822246293064255,-0.9046776777540619,1,trt_031
Fava 1998a,SSRIs,109,-21.9,13.364505228402585,change_from_baseline,12.822246293064255,-1.707969064035686,1,trt_039
Fava 2005,Placebo,43,-7.3,5.55067563455117,baseline_followup,5.979548477937109,-1.2208279650102336,1,trt_031
Fava 2005,SSRIs,47,-6.299999999999999,6.34586479528204,baseline_followup,5.979548477937109,-1.053591257474585,1,trt_039
Fawcett 1989,SSRIs,19,-10.8,5.63471383479232,baseline_followup,6.296030495478875,-1.7153665325724499,1,trt_039
Fawcett 1989,TCAs,19,-8.9,6.89420046125727,baseline_followup,6.296030495478875,-1.4135890870272965,1,trt_046
Feighner 1982,Placebo,45,-14.0073233346625,4.33796265544091,binary_response_converted,5.921461227238882,-2.3655180363638006,1,trt_031
Feighner 1982,TCAs,94,-28.014646669325,6.538339238675215,binary_response_converted,5.921461227238882,-4.731036072727601,1,trt_046
Fonagy 2019,Cognitive and cognitive behavioural therapies individual,20,-5.92,6.63144780572086,baseline_followup,7.660288379399012,-0.7728168584254335,1,trt_010
Fonagy 2019,Self-help with support,54,-4.08,8.84218864309058,baseline_followup,7.660288379399012,-0.5326170240499609,1,trt_041
Fonagy 2019,Short-term psychodynamic psychotherapies individual,73,-8.15,6.94283083475321,baseline_followup,7.660288379399012,-1.0639286142174464,1,trt_043
Forest Laboratories 2000,Placebo,125,-11.2,10.35,change_from_baseline,12.89118816247894,-0.8688105284661573,1,trt_031
Forest Laboratories 2000,SSRIs,243,-25.900000000000002,14.015883846550668,change_from_baseline,12.89118816247894,-2.009124347077989,1,trt_039
Forest Laboratories 2010,Placebo,215,-8.5,8.8,change_from_baseline,12.838616216436302,-0.6620651210928867,1,trt_031
Forest Laboratories 2010,SSRIs,637,-23.1,13.936818144755996,change_from_baseline,12.838616216436302,-1.7992593290877277,1,trt_039
Forest Research Institute 2003,Placebo,151,-10,10.57,change_from_baseline,10.594344543263158,-0.9438998287401276,1,trt_031
Forest Research Institute 2003,SSRIs,143,-13.3,10.62,change_from_baseline,10.594344543263158,-1.2553867722243697,1,trt_039
Forest Research Institute 2005,Placebo,132,-12.4,10.34,change_from_baseline,13.400763923649047,-0.9253203825281225,1,trt_031
Forest Research Institute 2005,SSRIs,266,-32.5,14.67997275201831,change_from_baseline,13.400763923649047,-2.4252348735616116,1,trt_039
Forlenza 2001,SSRIs,27,-15.85,11.89,change_from_baseline,11.184379099845312,-1.4171551105791127,1,trt_039
Forlenza 2001,TCAs,28,-15.03,10.46,change_from_baseline,11.184379099845312,-1.343838568580698,1,trt_046
Freed 1999,SSRIs,149,-17.7,9.0509281292031,baseline_followup,9.249873256599674,-1.9135397328143129,1,trt_039
Freed 1999,TCAs,157,-15.08,9.43473900009958,baseline_followup,9.249873256599674,-1.6302926085220248,1,trt_046
Fu 2003,Acupuncture,32,-23.9,6.39296488336984,baseline_followup,6.300052909830731,-3.793618933375298,1,trt_001
Fu 2003,SSRIs,30,-20.9,6.19919349593155,baseline_followup,6.300052909830731,-3.3174324563825826,1,trt_039
Fudge 1990,SSRIs,17,-14.8,7.97746827007165,baseline_followup,6.568053998966003,-2.2533310478765762,1,trt_039
Fudge 1990,Trazodone,15,-17.1,4.43959457608462,baseline_followup,6.568053998966003,-2.6035108728844225,1,trt_047
GSK_29060/103,SSRIs,45,-17.8,10.73,change_from_baseline,10.244756361739034,-1.73747421329388,1,trt_039
GSK_29060/103,TCAs,36,-17.1,9.6,change_from_baseline,10.244756361739034,-1.6691465756924353,1,trt_046
Gater 2010,Any AD,42,-1,6.95053954740206,baseline_followup,5.788055228946364,-0.17276960230077767,1,trt_003
Gater 2010,Peer support group,39,-5,4.58257569495584,baseline_followup,5.788055228946364,-0.8638480115038883,1,trt_029
Gater 2010,Peer support group + AD,42,-5.7,5.502726596879041,baseline_followup,5.788055228946364,-0.9847867331144328,1,trt_030
Gentil 2000,SNRIs,57,-14.0073233346625,3,binary_response_converted,3.1033654623621847,-4.513591294529831,1,trt_038
Gentil 2000,TCAs,59,-14.0073233346625,3.2,binary_response_converted,3.1033654623621847,-4.513591294529831,1,trt_046
Georgotas 1982,Placebo,18,-11.2,8.82661883169314,baseline_followup,8.153970337085148,-1.3735639862535647,1,trt_031
Georgotas 1982,TCAs,15,-20,7.2538058975961,baseline_followup,8.153970337085148,-2.4527928325956516,1,trt_046
Godlewska 2012,Placebo,21,-3.3,4.4034077712608,baseline_followup,5.8420886675914145,-0.5648664694711881,1,trt_031
Godlewska 2012,SSRIs,21,-4.4,6.99070811863863,baseline_followup,5.8420886675914145,-0.7531552926282509,1,trt_039
Golden 2002_448,Placebo,101,-9.9,8.04,change_from_baseline,10.532468145971372,-0.9399506234240749,1,trt_031
Golden 2002_448,SSRIs,206,-23.799999999999997,11.55482583166012,change_from_baseline,10.532468145971372,-2.2596792765144422,1,trt_039
Golden 2002_449,Placebo,110,-10.2,8.18,change_from_baseline,10.572584656507528,-0.9647593593607974,1,trt_031
Golden 2002_449,SSRIs,218,-25.4,11.58949955778937,change_from_baseline,10.572584656507528,-2.402439973310221,1,trt_039
Goldstein 2002,Placebo,70,-45.01,6.3867060418544,baseline_followup,6.07387729914758,-7.410422993944377,1,trt_031
Goldstein 2002,SNRIs,70,-46.53,5.79613322668195,baseline_followup,6.07387729914758,-7.660675003515483,1,trt_038
Goldstein 2002,SSRIs,33,-43.55,5.96620819925158,baseline_followup,6.07387729914758,-7.170049353172131,1,trt_039
Goldstein 2004,Placebo,89,-14.0073233346625,5.08,binary_response_converted,4.977933047384469,-2.81388343341064,1,trt_031
Goldstein 2004,SNRIs,91,-14.0073233346625,4.66,binary_response_converted,4.977933047384469,-2.81388343341064,1,trt_038
Goldstein 2004,SSRIs,87,-14.0073233346625,5.19,binary_response_converted,4.977933047384469,-2.81388343341064,1,trt_039
Gual 2003,Placebo,39,-14.0073233346625,8,binary_response_converted,7.436338870873835,-1.8836316604028718,1,trt_031
Gual 2003,SSRIs,44,-14.0073233346625,6.9,binary_response_converted,7.436338870873835,-1.8836316604028718,1,trt_039
Guelfi 1995,Placebo,47,-4.8,11,change_from_baseline,10.33143075950575,-0.4646016715142394,1,trt_031
Guelfi 1995,SNRIs,46,-14.2,9.6,change_from_baseline,10.33143075950575,-1.3744466115629583,1,trt_038
Hamamci 2006,Cognitive and cognitive behavioural therapies group,10,-16.8,7.7338024283013596,baseline_followup,8.402071486434636,-1.9995069105427203,1,trt_008
Hamamci 2006,No treatment,11,-6.69,8.9610044079891,baseline_followup,8.402071486434636,-0.7962322161625476,1,trt_028
Hamdan-Mansour 2009,No treatment,36,-3.1,8.81532756056177,baseline_followup,8.25534791700321,-0.3755141553289419,1,trt_028
Hamdan-Mansour 2009,Psychoeducation group,44,-13.3,7.7698133825723295,baseline_followup,8.25534791700321,-1.6110768599596539,1,trt_034
Hao 2014,SNRIs,127,-13.8,6.6,change_from_baseline,6.859419380767233,-2.011832085772901,1,trt_038
Hao 2014,SSRIs,132,-12,7.1,change_from_baseline,6.859419380767233,-1.7494192050199135,1,trt_039
Hashemi 2012,SSRIs,48,-16.96,4.96,change_from_baseline,4.82055947833968,-3.518263819004147,1,trt_039
Hashemi 2012,TCAs,49,-13.14,4.68,change_from_baseline,4.82055947833968,-2.7258246805256183,1,trt_046
Hatcher 2018,No treatment,22,-7.1,7.5,change_from_baseline,7.11125867902441,-0.9984167811167354,1,trt_028
Hatcher 2018,Self-help with support,22,-9.4,6.7,change_from_baseline,7.11125867902441,-1.321847569365819,1,trt_041
Heller 2009,SNRIs,15,-15.07,3.18004716946148,baseline_followup,3.7436499321938204,-4.025483224380655,1,trt_038
Heller 2009,SSRIs,14,-14.03,4.26817291121154,baseline_followup,3.7436499321938204,-3.747679471669581,1,trt_039
Hemat-Far 2012,Exercise individual,10,-8.4,6.25539766921337,baseline_followup,5.5767373974394765,-1.5062570462537481,1,trt_018
Hemat-Far 2012,No treatment,10,-1,4.80312398340913,baseline_followup,5.5767373974394765,-0.1793163150302081,1,trt_028
Hermens 2007,No treatment,96,-56.9,10.5133145201482,baseline_followup,10.403625078458376,-5.469247456621296,1,trt_028
Hermens 2007,SSRIs,85,-57.6,10.2781610451202,baseline_followup,10.403625078458376,-5.53653169598219,1,trt_039
Hersen 1984,Interpersonal psychotherapy (IPT) individual + placebo,22,-12.590000000000002,6.72995542332934,baseline_followup,6.987473245239742,-1.8017958077445255,1,trt_022
Hersen 1984,TCAs,14,-17.29,7.38451758749345,baseline_followup,6.987473245239742,-2.474428079102688,1,trt_046
Hewett 2009,Placebo,197,-14.007323334662498,4.77,binary_response_converted,4.711952441559478,-2.972721713215468,1,trt_031
Hewett 2009,SNRIs,187,-14.0073233346625,4.65,binary_response_converted,4.711952441559478,-2.9727217132154684,1,trt_038
Hewett 2010,Placebo,186,-13.2,10.64,change_from_baseline,10.599332745126452,-1.2453614125916868,1,trt_031
Hewett 2010,SNRIs,193,-17,10.56,change_from_baseline,10.599332745126452,-1.6038745465195967,1,trt_038
Hieronymus 2016_PZ/109,Placebo,103,-7.9,6.95413546028548,baseline_followup,6.86396031599194,-1.150939055051681,1,trt_031
Hieronymus 2016_PZ/109,SSRIs,104,-8.7,6.77347768875044,baseline_followup,6.86396031599194,-1.2674898454366612,1,trt_039
Higuchi 2009,Placebo,145,-8.3,5.8,change_from_baseline,6.383553301042668,-1.300216291551025,1,trt_031
Higuchi 2009,SNRIs,74,-10,6.4,change_from_baseline,6.383553301042668,-1.5665256524711142,1,trt_038
Higuchi 2009,SSRIs,148,-9.4,6.9,change_from_baseline,6.383553301042668,-1.4725341133228473,1,trt_039
Higuchi 2011,Placebo,171,-10.4,8.11,change_from_baseline,9.555064676683761,-1.0884280067070657,1,trt_031
Higuchi 2011,SSRIs,241,-25.3,10.458537182608284,change_from_baseline,9.555064676683761,-2.6478104393931505,1,trt_039
Higuchi 2016,Placebo,182,-12.41,10.12,change_from_baseline,12.997078430450157,-0.9548299693972206,1,trt_031
Higuchi 2016,SNRIs,348,-30.35,14.269421852338656,change_from_baseline,12.997078430450157,-2.335140174956136,1,trt_038
Hojatifar 2017,Mindfulness or meditation group,15,-36.8,10.6439278464296,baseline_followup,8.181885479521192,-4.497740782623806,1,trt_025
Hojatifar 2017,No treatment,15,-3,4.53798413395199,baseline_followup,8.181885479521192,-0.3666636507573755,1,trt_028
Hollon 1992,Cognitive and cognitive behavioural therapies individual,25,-10.8,8.68849814409832,baseline_followup,8.66731259920327,-1.2460609763853188,1,trt_010
Hollon 1992,Cognitive and cognitive behavioural therapies individual + AD,25,-13.2,8.66256313108309,baseline_followup,8.66731259920327,-1.5229634155820562,1,trt_011
Hollon 1992,TCAs,57,-9.6,8.66025403784439,baseline_followup,8.66731259920327,-1.1076097567869498,1,trt_046
Hong 2003,Mirtazapine,66,-14.0073233346625,5.1,binary_response_converted,5.150242712727236,-2.7197404308825526,1,trt_026
Hong 2003,SSRIs,66,-14.0073233346625,5.2,binary_response_converted,5.150242712727236,-2.7197404308825526,1,trt_039
Hopko 2003,Behavioural therapies individual + AD,10,-16,11.3767306375777,baseline_followup,14.04265241884603,-1.139385888276142,1,trt_007
Hopko 2003,Counselling individual + AD,15,-6.9,15.516442891333098,baseline_followup,14.04265241884603,-0.4913601643190863,1,trt_014
Hoyberg 1996,Mirtazapine,56,-15.3,10.1355808910984,baseline_followup,9.232977640295369,-1.6571035473135343,1,trt_026
Hoyberg 1996,TCAs,59,-17.3,8.28673639015988,baseline_followup,9.232977640295369,-1.8737183900996173,1,trt_046
Hunter 2011,Placebo,11,-8.64,7.1418975069655,baseline_followup,7.14403880701879,-1.209399925363154,1,trt_031
Hunter 2011,SSRIs,12,-9.67,7.145984886633889,baseline_followup,7.14403880701879,-1.353576073872882,1,trt_039
Husain 2014,Cognitive and cognitive behavioural therapies group,33,-14.0073233346625,4.1,binary_response_converted,3.905124837953327,-3.5869079519628695,1,trt_008
Husain 2014,SSRIs,33,-14.0073233346625,3.7,binary_response_converted,3.905124837953327,-3.5869079519628695,1,trt_039
Hwang 2004,SNRIs,52,-14.0073233346625,5.8,binary_response_converted,5.850699070337705,-2.3941281488357236,1,trt_038
Hwang 2004,SSRIs,53,-14.0073233346625,5.9,binary_response_converted,5.850699070337705,-2.3941281488357236,1,trt_039
Jacobson 1996,Behavioural therapies individual,56,-20.2,7.33689307541005,baseline_followup,10.381934204334431,-1.9456875378353438,1,trt_006
Jacobson 1996,Cognitive and cognitive behavioural therapies individual,93,-38.199999999999996,11.833849753989611,baseline_followup,10.381934204334431,-3.679468512144066,1,trt_010
Jamison 1995,Self-help,33,-10.6,5.04083326445142,baseline_followup,4.582793907650658,-2.3129994962906864,1,trt_040
Jamison 1995,Waitlist,39,-0.600000000000001,4.15812457725836,baseline_followup,4.582793907650658,-0.1309244997900391,1,trt_048
Janakiramaiah 2000,TCAs,15,-16.4,7.06186944087754,baseline_followup,7.4222638056054056,-2.209568459101989,1,trt_046
Janakiramaiah 2000,Yoga group,15,-16.8,7.76595132614157,baseline_followup,7.4222638056054056,-2.263460372738623,1,trt_049
Jefferson 2000,Placebo,101,-12.1,11.05,change_from_baseline,16.79385085625922,-0.7205018136439041,1,trt_031
Jefferson 2000,SSRIs,296,-44.1,18.337047199590234,change_from_baseline,16.79385085625922,-2.6259611555120803,1,trt_039
Jiahui 2006,Acupuncture,30,-17.66,9.81803951917082,baseline_followup,9.930991894065771,-1.7782715149080597,1,trt_001
Jiahui 2006,SSRIs,30,-17.12,10.0426739467136,baseline_followup,9.930991894065771,-1.7238962817228756,1,trt_039
Judd 2001,Interpersonal psychotherapy (IPT) individual + AD,12,-23.8,9.88078944214479,baseline_followup,10.821609925482889,-2.1993030763339014,1,trt_021
Judd 2001,SNRIs,19,-19.7,11.3582569085225,baseline_followup,10.821609925482889,-1.8204315379738596,1,trt_038
Kang 2009,Mirtazapine,73,-12,10.9,change_from_baseline,9.169690605819348,-1.3086592030034752,1,trt_026
Kang 2009,SNRIs,53,-10.9,6,change_from_baseline,9.169690605819348,-1.18869877606149,1,trt_038
Kanter 2015,Any psychotherapy,22,-7.99,8.40815675400976,baseline_followup,8.19157970410961,-0.9753918399880208,1,trt_004
Kanter 2015,Behavioural therapies individual,21,-10.05,7.957832619501371,baseline_followup,8.19157970410961,-1.2268695859674106,1,trt_006
Kasper 2005a,Placebo,180,-14.0073233346625,4.2,binary_response_converted,4.998084904558774,-2.8025380925174685,1,trt_031
Kasper 2005a,SSRIs,338,-28.014646669325003,5.374011537017761,binary_response_converted,4.998084904558774,-5.605076185034938,1,trt_039
Kasper 2005b,SSRIs,53,-15,4.95,change_from_baseline,4.9195254027882855,-3.0490746102252686,1,trt_039
Kasper 2005b,Trazodone,55,-14.6,4.89,change_from_baseline,4.9195254027882855,-2.9677659539525947,1,trt_047
Kasper 2012,Placebo,71,-13.4,9.27,change_from_baseline,10.178751623621858,-1.3164679221470128,1,trt_031
Kasper 2012,SSRIs,139,-19,10.61,change_from_baseline,10.178751623621858,-1.8666336209547196,1,trt_039
Katona 2012,Placebo,145,-10.3,9.63,change_from_baseline,9.665304747501185,-1.0656673813273094,1,trt_031
Katona 2012,SNRIs,147,-15.799999999999999,9.7,change_from_baseline,9.665304747501185,-1.6347130703855814,1,trt_038
Katz 1990,Placebo,11,-2.5,5.09215082258961,baseline_followup,5.510120558701832,-0.4537105809875406,1,trt_031
Katz 1990,TCAs,12,-8.6,5.8642987645583,baseline_followup,5.510120558701832,-1.5607643985971396,1,trt_046
Katz 1993_Protocol 01,Placebo,104,-8,7.76,change_from_baseline,7.760000000000001,-1.0309278350515463,1,trt_031
Katz 1993_Protocol 01,TCAs,93,-13.7,7.76,change_from_baseline,7.760000000000001,-1.765463917525773,1,trt_046
Katz 1993_Protocol 03,Placebo,94,-8.7,7.76,change_from_baseline,7.76,-1.1211340206185567,1,trt_031
Katz 1993_Protocol 03,TCAs,95,-12.9,7.76,change_from_baseline,7.76,-1.6623711340206186,1,trt_046
Kay-Lambkin 2009,Cognitive and cognitive behavioural therapies individual,23,-21.87,10.1293188319847,baseline_followup,10.481703105888855,-2.086492984876947,1,trt_010
Kay-Lambkin 2009,No treatment,21,-9.91,10.053273098847,baseline_followup,10.481703105888855,-0.945457040700985,1,trt_028
Kay-Lambkin 2009,Self-help,23,-11.48,11.1860225281375,baseline_followup,10.481703105888855,-1.0952418594598696,1,trt_040
Kay-Lambkin 2011/2017,Cognitive and cognitive behavioural therapies individual,88,-11.9,10.4747315001388,baseline_followup,10.777597374463895,-1.1041421929710875,1,trt_010
Kay-Lambkin 2011/2017,Counselling individual,89,-8.3,10.3711137299713,baseline_followup,10.777597374463895,-0.7701159833327754,1,trt_013
Kay-Lambkin 2011/2017,Self-help,97,-12.9,11.3960519479335,baseline_followup,10.777597374463895,-1.1969272512039522,1,trt_040
Keller 2006_Study 062,Placebo,154,-14,8.87,change_from_baseline,8.46076562446193,-1.6546965867394943,1,trt_031
Keller 2006_Study 062,SSRIs,161,-17.25,8.05,change_from_baseline,8.46076562446193,-2.0388225800897337,1,trt_039
Kennedy 2007,Cognitive and cognitive behavioural therapies individual,12,-11.5,6.59393660873381,baseline_followup,7.36240449853171,-1.561989700823074,1,trt_010
Kennedy 2007,SNRIs,12,-14.089999999999998,8.05791536316931,baseline_followup,7.36240449853171,-1.9137769464867052,1,trt_038
Khan 1991,Placebo,26,-4,8.22860863086828,baseline_followup,12.375858278594988,-0.3232099067357867,1,trt_031
Khan 1991,SNRIs,67,-27.2,13.620939761998804,baseline_followup,12.375858278594988,-2.1978273658033496,1,trt_038
Khan 1995,Mirtazapine,26,-12,7.8,change_from_baseline,7.951414968419143,-1.50916535580909,1,trt_026
Khan 1995,Placebo,26,-6.299999999999999,8.1,change_from_baseline,7.951414968419143,-0.7923118117997722,1,trt_031
Khan 2007,SNRIs,91,-19.3,9.1,change_from_baseline,8.829638303057155,-2.1858200004996364,1,trt_038
Khan 2007,SSRIs,110,-19.2,8.6,change_from_baseline,8.829638303057155,-2.1744945082690683,1,trt_039
Kheirabadi 2020,Cognitive and cognitive behavioural therapies individual,16,-24.2,17.3801611039714,baseline_followup,15.32056486205086,-1.579576224369087,1,trt_010
Kheirabadi 2020,SSRIs,12,-18,11.9531753103516,baseline_followup,15.32056486205086,-1.1748914065555192,1,trt_039
Khoshnab 2017,Exercise individual,15,-2.13,6.19677335393187,change_from_baseline,7.80807274556275,-0.2727945895753158,1,trt_018
Khoshnab 2017,Exercise individual + AD,15,-4.53,12.548466041712,change_from_baseline,7.80807274556275,-0.5801687750122915,1,trt_019
Khoshnab 2017,No treatment,15,-1.56,3.09838667696593,change_from_baseline,7.80807274556275,-0.19979322053403414,1,trt_028
Khoshnab 2017,SSRIs,15,-1.9199999999999997,6.19677335393187,change_from_baseline,7.80807274556275,-0.24589934834958044,1,trt_039
Kim 2011,Mirtazapine,30,-14.0073233346625,2.9,binary_response_converted,2.9,-4.830111494711207,1,trt_026
Kim 2011,SSRIs,30,-14.0073233346625,2.9,binary_response_converted,2.9,-4.830111494711207,1,trt_039
Kinoshita 2009,Mirtazapine,200,-39,12.313001258832063,change_from_baseline,11.272016599036537,-3.459895543742677,1,trt_026
Kinoshita 2009,Placebo,70,-10.4,7.5,change_from_baseline,11.272016599036537,-0.922638811664714,1,trt_031
Komulainen 2018,Placebo,15,-2.2,4.5670012042915,baseline_followup,4.412250370653659,-0.49861177748036045,1,trt_031
Komulainen 2018,SSRIs,17,-1.9,4.27224765199772,baseline_followup,4.412250370653659,-0.4306192623694021,1,trt_039
Kramer 2014,Problem solving individual,131,-10.3,9.79385521640993,baseline_followup,9.252710983079416,-1.1131872614237903,1,trt_033
Kramer 2014,Waitlist,132,-4.49,8.68241901776227,baseline_followup,9.252710983079416,-0.4852631848342542,1,trt_048
Kranzler 2006_Group A,Placebo,100,-9.6,7.8,change_from_baseline,7.217462483856938,-1.3301073641147434,1,trt_031
Kranzler 2006_Group A,SSRIs,89,-10.8,6.5,change_from_baseline,7.217462483856938,-1.4963707846290863,1,trt_039
Krejtz 2018,Attention placebo,25,-8.19,9.97183533758957,baseline_followup,9.597515090812172,-0.8533458840653864,1,trt_005
Krejtz 2018,Self-help,26,-12.97,9.22388746678969,baseline_followup,9.597515090812172,-1.3513914671951237,1,trt_040
Lam 2013,Cognitive and cognitive behavioural therapies individual + AD,48,-15.699999999999998,8.8,change_from_baseline,8.545922039496654,-1.8371335389486787,1,trt_011
Lam 2013,SSRIs,51,-14.3,8.3,change_from_baseline,8.545922039496654,-1.6733127138194974,1,trt_039
Lam 2016,Light therapy,32,-13.4,7.5,change_from_baseline,9.07903619912845,-1.4759275881383034,1,trt_023
Lam 2016,Light therapy + AD,29,-16.9,9.2,change_from_baseline,9.07903619912845,-1.861431062652039,1,trt_024
Lam 2016,Placebo,30,-6.5,9.6,change_from_baseline,9.07903619912845,-0.7159350240969381,1,trt_031
Lam 2016,SSRIs,31,-8.8,9.9,change_from_baseline,9.07903619912845,-0.9692658787773932,1,trt_039
Legrand 2016,Any AD,10,-6.409999999999999,10,change_from_baseline,10.82019996454443,-0.5924104934293498,1,trt_003
Legrand 2016,Exercise individual + AD,25,-26.61,11.112178004333805,change_from_baseline,10.82019996454443,-2.4592891154687986,1,trt_019
Leinonen 1999,Mirtazapine,136,-20.5,6.32477862117093,baseline_followup,6.206489898731269,-3.302994177786483,1,trt_026
Leinonen 1999,SSRIs,133,-20.2,6.08313408589087,baseline_followup,6.206489898731269,-3.254657677623754,1,trt_039
Levin 2013,Placebo,52,-11.650000000000002,5.79613322668195,baseline_followup,5.715930156320462,-2.038163462707442,1,trt_031
Levin 2013,SNRIs,51,-9.69,5.63294671249698,baseline_followup,5.715930156320462,-1.6952621419429277,1,trt_038
Lindegaard 2019,Self-help with support,25,-11.37,5.13532861655415,baseline_followup,5.3927961207522,-2.1083682278005504,1,trt_041
Lindegaard 2019,Waitlist,25,-2.48,5.63851930918038,baseline_followup,5.3927961207522,-0.45987275329334787,1,trt_048
Loo 2002,Placebo,139,-12.06,7.79678780011358,baseline_followup,7.541015921396834,-1.5992540163959907,1,trt_031
Loo 2002,SSRIs,147,-14.210000000000003,7.29101501850051,baseline_followup,7.541015921396834,-1.8843614902974322,1,trt_039
Luo 1985,Acupuncture,27,-15.7,9.13290753265355,baseline_followup,8.482884729461631,-1.8507854934622463,1,trt_001
Luo 1985,TCAs,20,-15.2,7.50266619276108,baseline_followup,8.482884729461631,-1.791843280294659,1,trt_046
M/2020/0046 (Study 046),Placebo,247,-11.5,8.45,change_from_baseline,8.450000000000001,-1.36094674556213,1,trt_031
M/2020/0046 (Study 046),SSRIs,243,-12.5,8.45,change_from_baseline,8.450000000000001,-1.4792899408284022,1,trt_039
M/2020/0046 (Study 047),Placebo,239,-10.1,7.27,change_from_baseline,7.45845330336638,-1.3541681618414578,1,trt_031
M/2020/0046 (Study 047),SSRIs,242,-11.8,7.64,change_from_baseline,7.45845330336638,-1.5820974564088321,1,trt_039
MDF/29060/III/070/88/MC,SSRIs,24,-20,8.59,change_from_baseline,8.424632110096926,-2.3739909041286196,1,trt_039
MDF/29060/III/070/88/MC,TCAs,20,-15,8.22,change_from_baseline,8.424632110096926,-1.7804931780964646,1,trt_046
MIR 003-003 (FDA),Mirtazapine,45,-10.4,8.7,change_from_baseline,8.405355435673139,-1.2373063910969664,1,trt_026
MIR 003-003 (FDA),Placebo,45,-8.8,8.1,change_from_baseline,8.405355435673139,-1.0469515616974332,1,trt_031
MIR 003-020 (FDA),Mirtazapine,40,-10.6,8.7,change_from_baseline,8.167418450032484,-1.2978397109012874,1,trt_026
MIR 003-020 (FDA),Placebo,39,-4.8,6.4,change_from_baseline,8.167418450032484,-0.5877010011628472,1,trt_031
MIR 003-020 (FDA),TCAs,40,-11.5,9.1,change_from_baseline,8.167418450032484,-1.4080336486193212,1,trt_046
MIR 003-021 (FDA),Mirtazapine,45,-11.7,7.6,change_from_baseline,7.940352819525763,-1.4734861618779782,1,trt_026
MIR 003-021 (FDA),Placebo,48,-9.5,8.9,change_from_baseline,7.940352819525763,-1.1964203878496407,1,trt_031
MIR 003-021 (FDA),TCAs,48,-13.6,7.2,change_from_baseline,7.940352819525763,-1.7127702394479065,1,trt_046
MY-1042/BRL-029060/CPMS-251,Placebo,123,-8.25,7.56,change_from_baseline,7.614513958328317,-1.083457203591652,1,trt_031
MY-1042/BRL-029060/CPMS-251,SSRIs,120,-10.23,7.67,change_from_baseline,7.614513958328317,-1.3434869324536487,1,trt_039
MY-1045/BRL-029060/1 (PAR 128),Placebo,136,-9,8.63,change_from_baseline,11.85118137571103,-0.759417961355775,1,trt_031
MY-1045/BRL-029060/1 (PAR 128),SSRIs,694,-24.8,12.381538676594278,change_from_baseline,11.85118137571103,-2.09261838240258,1,trt_039
Macias-Cortes 2015,Placebo,43,-5.7,3.43947670438397,baseline_followup,3.404712758151154,-1.6741500399273759,1,trt_031
Macias-Cortes 2015,SSRIs,46,-8.9,3.37194306001747,baseline_followup,3.404712758151154,-2.614023746553271,1,trt_039
Mahableshwarkar 2013,Placebo,149,-10.5,9.28,change_from_baseline,9.215229242943446,-1.1394182090521912,1,trt_031
Mahableshwarkar 2013,SNRIs,149,-13.47,9.15,change_from_baseline,9.215229242943446,-1.4617107881840967,1,trt_038
Mahableshwarkar 2015a,Placebo,161,-14.007323334662498,4.18,binary_response_converted,4.283247520837296,-3.270257734702272,1,trt_031
Mahableshwarkar 2015a,SNRIs,152,-14.0073233346625,4.39,binary_response_converted,4.283247520837296,-3.2702577347022723,1,trt_038
Maina 2007,Counselling individual + AD,17,-10.06,3.46600043277551,baseline_followup,3.69850086337203,-2.720020995433271,1,trt_014
Maina 2007,Short-term psychodynamic psychotherapies individual + AD,18,-10.84,3.90469883601796,baseline_followup,3.69850086337203,-2.930917255516566,1,trt_044
Marchesi 1998,SSRIs,67,-16.6,6.02328813855024,baseline_followup,6.217176667450084,-2.6700222444874377,1,trt_039
Marchesi 1998,TCAs,75,-17.2,6.38513899613783,baseline_followup,6.217176667450084,-2.766529072601441,1,trt_046
Markkula 2019,Counselling individual,124,-14.4,7.84655338349265,baseline_followup,7.649184494931467,-1.8825536251010528,1,trt_013
Markkula 2019,No treatment,134,-3.9000000000000004,7.46201045295435,baseline_followup,7.649184494931467,-0.5098582734648686,1,trt_028
Marshall 2008,Any AD,30,-13.83,4.69821242601907,baseline_followup,4.925791122430809,-2.807670820027604,1,trt_003
Marshall 2008,Cognitive and cognitive behavioural therapies individual,37,-11.48,4.328128925991,baseline_followup,4.925791122430809,-2.330590095004837,1,trt_010
Marshall 2008,Interpersonal psychotherapy (IPT) individual,35,-10.17,5.65575812778446,baseline_followup,4.925791122430809,-2.064642967438954,1,trt_020
Mathews 2015,Placebo,281,-13.6,10.06,change_from_baseline,10.050022864186026,-1.353230752187099,1,trt_031
Mathews 2015,SSRIs,280,-15.9,10.04,change_from_baseline,10.050022864186026,-1.5820859529246232,1,trt_039
McCallum 1975,Placebo,12,-5.5,6.9656299069072,baseline_followup,7.037400088100716,-0.7815386266441992,1,trt_031
McCallum 1975,TCAs,12,-12.6,7.10844568101916,baseline_followup,7.037400088100716,-1.7904339446758017,1,trt_046
McKnight 1992,Cognitive and cognitive behavioural therapies individual,22,-17.96,8.77571079742262,baseline_followup,7.611898740723263,-2.3594638620079027,1,trt_010
McKnight 1992,TCAs,21,-16.64,6.15754009325153,baseline_followup,7.611898740723263,-2.186051150546297,1,trt_046
McNamara 1986,Behavioural therapies individual,10,-20.4,3.82266922450792,baseline_followup,5.584694006197398,-3.6528411363920545,1,trt_006
McNamara 1986,Cognitive and cognitive behavioural therapies individual,20,-35.61,6.248247754370821,baseline_followup,5.584694006197398,-6.3763565130843665,1,trt_010
Mehtonen 2000,SNRIs,75,-14.0073233346625,3.5,binary_response_converted,4.020850827786371,-3.4836714751673727,1,trt_038
Mehtonen 2000,SSRIs,72,-14.0073233346625,4.5,binary_response_converted,4.020850827786371,-3.4836714751673727,1,trt_039
Mendels 1993,Placebo,75,-10.53,8.98,change_from_baseline,9.32024291528928,-1.1297988792466116,1,trt_031
Mendels 1993,SNRIs,77,-14.800000000000002,9.64,change_from_baseline,9.32024291528928,-1.587941444715086,1,trt_038
Miller 1989a,Placebo,22,-6.2,7.2,change_from_baseline,6.6317418526357015,-0.9348976690846145,1,trt_031
Miller 1989a,SSRIs,19,-6,5.9,change_from_baseline,6.6317418526357015,-0.9047396797593042,1,trt_039
Miranda 2003/2006,Any AD,88,-8.1,4.4520893971258,baseline_followup,4.5082573230583325,-1.7967031204210597,1,trt_003
Miranda 2003/2006,Cognitive and cognitive behavioural therapies group,90,-4.9,4.53679402221437,baseline_followup,4.5082573230583325,-1.0868944802547154,1,trt_008
Miranda 2003/2006,TAU,89,-4.1,4.53441286166136,baseline_followup,4.5082573230583325,-0.909442320213129,1,trt_045
Miura 2000,SSRIs,102,-9.2,11.5,change_from_baseline,11.29055100763797,-0.8148406569153509,1,trt_039
Miura 2000,TCAs,114,-10.6,11.1,change_from_baseline,11.29055100763797,-0.9388381481850782,1,trt_046
Moak 2003,Cognitive and cognitive behavioural therapies individual + AD,38,-11.6,6.12862137841782,baseline_followup,5.802919523825916,-1.9989937741462969,1,trt_011
Moak 2003,Cognitive and cognitive behavioural therapies individual + placebo,44,-10,5.50726792520575,baseline_followup,5.802919523825916,-1.723270494953704,1,trt_012
Mohr 2011,Cognitive and cognitive behavioural therapies individual,41,-5.4,4.92159526982868,baseline_followup,4.960865645409807,-1.0885197032087568,1,trt_010
Mohr 2011,No treatment,44,-2.23,4.9971191700819,baseline_followup,4.960865645409807,-0.4495183218806532,1,trt_028
Moises 1981,TCAs,20,-14.2,5.86600375042499,baseline_followup,7.114070564732966,-1.9960442999250754,1,trt_046
Moises 1981,Trazodone,16,-9,8.4338603260903,baseline_followup,7.114070564732966,-1.2650984999525126,1,trt_047
Moller 1993,SSRIs,81,-18.7,7.53193202306022,baseline_followup,6.993222676183907,-2.674017526094893,1,trt_039
Moller 1993,TCAs,74,-20.4,6.35059052372297,baseline_followup,6.993222676183907,-2.917110028467156,1,trt_046
Moller 1998,SSRIs,62,-13.6,9.3,change_from_baseline,9.348873117730745,-1.4547207806475324,1,trt_039
Moller 1998,TCAs,59,-16.5,9.4,change_from_baseline,9.348873117730745,-1.7649185941679622,1,trt_046
Moller 2000,SSRIs,100,-13.8,7.200000000000001,change_from_baseline,7.148943219984446,-1.9303552392782923,1,trt_039
Moller 2000,TCAs,105,-15.3,7.1,change_from_baseline,7.148943219984446,-2.140176460938976,1,trt_046
Montgomery 1992,Placebo,64,-10.56,7.76,change_from_baseline,11.173292014901508,-0.9451108935411715,1,trt_031
Montgomery 1992,SSRIs,129,-24.819999999999997,12.515989773086266,change_from_baseline,11.173292014901508,-2.2213685963723364,1,trt_039
Mowla 2016,SNRIs,26,-9.3,3.47706773014274,baseline_followup,3.524529428492216,-2.638650120160442,1,trt_038
Mowla 2016,SSRIs,28,-9.97,3.56791255498225,baseline_followup,3.524529428492216,-2.8287464191397427,1,trt_039
Mullin 1996,Mirtazapine,71,-12.3,7.7,change_from_baseline,7.502666192761077,-1.6394171996973044,1,trt_026
Mullin 1996,TCAs,71,-13,7.3,change_from_baseline,7.502666192761077,-1.7327173655337362,1,trt_046
Mulsant 1999,SSRIs,29,-11.3,4.22255846614348,baseline_followup,3.9074951719123736,-2.891878173318292,1,trt_039
Mulsant 1999,TCAs,27,-13.6,3.53694783676548,baseline_followup,3.9074951719123736,-3.480490544878652,1,trt_046
Mundt 2012,Placebo,50,-10.7,6.6,change_from_baseline,6.144616398084721,-1.7413617558510557,1,trt_031
Mundt 2012,SSRIs,55,-13.4,5.7,change_from_baseline,6.144616398084721,-2.1807707970471166,1,trt_039
Munizza 2006,SSRIs,59,-11.5,8.3,change_from_baseline,8.697879389963564,-1.322161355016004,1,trt_039
Munizza 2006,Trazodone,62,-12.9,9.06,change_from_baseline,8.697879389963564,-1.4831201286701263,1,trt_047
Murphy 1984,Cognitive and cognitive behavioural therapies individual,19,-12.05,5.340112358368499,baseline_followup,5.14222552338317,-2.3433433530297734,1,trt_010
Murphy 1984,Cognitive and cognitive behavioural therapies individual + AD,18,-13.34,5.63521073252811,baseline_followup,5.14222552338317,-2.594207496217193,1,trt_011
Murphy 1984,Cognitive and cognitive behavioural therapies individual + placebo,17,-15.589999999999998,5.02023903813354,baseline_followup,5.14222552338317,-3.0317612343347853,1,trt_012
Murphy 1984,TCAs,16,-12.69,4.38794940718327,baseline_followup,5.14222552338317,-2.467803082983222,1,trt_046
Murri 2015,Exercise group + AD,79,-24.299999999999997,5.43783044972901,baseline_followup,5.333554792320884,-4.556060816134582,1,trt_017
Murri 2015,SSRIs,42,-8.7,5.129327441292861,baseline_followup,5.333554792320884,-1.6311822675049739,1,trt_039
Mynors-Wallis 1995,Placebo,26,-6.6,6.3221831672295,baseline_followup,6.195986859617843,-1.0652056160763186,1,trt_031
Mynors-Wallis 1995,Problem solving individual,29,-12.3,6.00583050043872,baseline_followup,6.195986859617843,-1.9851559208695033,1,trt_033
Mynors-Wallis 1995,TCAs,27,-11,6.2745517768204,baseline_followup,6.195986859617843,-1.7753426934605312,1,trt_046
NCT01020799,Placebo,94,-11.45,10.18,change_from_baseline,10.462787147486898,-1.0943546722873192,1,trt_031
NCT01020799,SSRIs,49,-11.7,10.99,change_from_baseline,10.462787147486898,-1.1182488791058196,1,trt_039
NKD20006 (NCT00048204),Placebo,118,-10.9,7.8,change_from_baseline,7.849944643198929,-1.3885448236177809,1,trt_031
NKD20006 (NCT00048204),SSRIs,117,-11.1,7.9,change_from_baseline,7.849944643198929,-1.4140227102896668,1,trt_039
Naeem 2014,Self-help,94,-6.799999999999999,3.50428309358705,baseline_followup,3.4827118410738227,-1.9525014730771864,1,trt_040
Naeem 2014,Waitlist,89,-2.8999999999999995,3.4597687784012394,baseline_followup,3.4827118410738227,-0.8326844517535059,1,trt_048
Naeem 2015,Cognitive and cognitive behavioural therapies individual,69,-10.9,3.61662826400502,baseline_followup,3.6879684259916177,-2.955556756717411,1,trt_010
Naeem 2015,No treatment,68,-7.5,3.7589892258425,baseline_followup,3.6879684259916177,-2.033639970218402,1,trt_028
Nemeroff 2007,Placebo,102,-14.007323334662502,3.3,binary_response_converted,3.233457267637744,-4.331995809827351,1,trt_031
Nemeroff 2007,SNRIs,102,-14.007323334662502,3.2,binary_response_converted,3.233457267637744,-4.331995809827351,1,trt_038
Nemeroff 2007,SSRIs,104,-14.0073233346625,3.2,binary_response_converted,3.233457267637744,-4.33199580982735,1,trt_039
Nezu 1989,Problem solving group,28,-34.14,6.5951952207648885,baseline_followup,6.632681574210003,-5.147239411092384,1,trt_032
Nezu 1989,Waitlist,11,-2.54,6.73285229304787,baseline_followup,6.632681574210003,-0.3829521998879512,1,trt_048
Nierenberg 2007,Placebo,137,-5.97,6.79,change_from_baseline,6.783273675896804,-0.8801060203738157,1,trt_031
Nierenberg 2007,SNRIs,273,-7.61,6.94,change_from_baseline,6.783273675896804,-1.1218771884497047,1,trt_038
Nierenberg 2007,SSRIs,274,-7.22,6.62,change_from_baseline,6.783273675896804,-1.0643828253097067,1,trt_039
Noguera 1991,SSRIs,60,-18.09,4.74361676360981,baseline_followup,4.895906453354679,-3.6949235391547806,1,trt_039
Noguera 1991,TCAs,60,-17.94,5.04359990482988,baseline_followup,4.895906453354679,-3.6642856988632815,1,trt_046
Nyth 1992,Placebo,45,-6.7,8.4504437753292,baseline_followup,9.507746941752128,-0.704688507282178,1,trt_031
Nyth 1992,SSRIs,88,-13.1,10,baseline_followup,9.507746941752128,-1.3778237978203778,1,trt_039
Owens 2008,SNRIs,41,-17.3,8.99,change_from_baseline,8.794805644760658,-1.967070188788783,1,trt_038
Owens 2008,SSRIs,40,-16.7,8.59,change_from_baseline,8.794805644760658,-1.8988481013163394,1,trt_039
Ozdemir 2015,Light therapy + AD,25,-24.16,5.34422117805766,baseline_followup,5.796015872994141,-4.168380578902604,1,trt_024
Ozdemir 2015,SNRIs,25,-21.88,6.21505430386574,baseline_followup,5.796015872994141,-3.775006914999544,1,trt_038
PAR 01 001 (GSK & FDA),Placebo,21,-11.33,7.93,change_from_baseline,7.93,-1.42875157629256,1,trt_031
PAR 01 001 (GSK & FDA),SSRIs,22,-13.359999999999998,7.93,change_from_baseline,7.93,-1.6847414880201763,1,trt_039
Paslakis 2010,Mirtazapine,37,-13.1,4.4226688774992,baseline_followup,5.483021923334312,-2.38919343806557,1,trt_026
Paslakis 2010,SNRIs,33,-13.9,6.47147587494537,baseline_followup,5.483021923334312,-2.5350983808482006,1,trt_038
Perahia 2006,Placebo,99,-51.3,5.63294671249698,baseline_followup,6.897725572806019,-7.437234122831445,1,trt_031
Perahia 2006,SSRIs,97,-52.1,5.47726438379317,baseline_followup,6.897725572806019,-7.553214382056887,1,trt_039
Philipp 1999,Placebo,46,-12.1,7.4,change_from_baseline,7.330345130452155,-1.6506726197288393,1,trt_031
Philipp 1999,TCAs,105,-14.2,7.3,change_from_baseline,7.330345130452155,-1.937152991747894,1,trt_046
Preskorn 1991,SSRIs,29,-10.1,7.8,change_from_baseline,6.972631225505659,-1.4485206048262709,1,trt_039
Preskorn 1991,TCAs,31,-7.9,6.1,change_from_baseline,6.972631225505659,-1.1330012651611425,1,trt_046
Qu 2013,Acupuncture + AD,100,-29.8,8.5,change_from_baseline,7.551933668118356,-3.946009235463132,1,trt_002
Qu 2013,SSRIs,43,-11.3,4.6,change_from_baseline,7.551933668118356,-1.4963055154608522,1,trt_039
Quah-Smith 2005,Acupuncture,14,-16.1,4.07,change_from_baseline,6.018128169677567,-2.6752504343659718,1,trt_001
Quah-Smith 2005,Sham acupuncture,12,-6.8,7.71,change_from_baseline,6.018128169677567,-1.1299194381173048,1,trt_042
Quah-Smith 2013,Acupuncture,25,-11.74,5.67733211993098,baseline_followup,5.091981277786998,-2.3055858534307623,1,trt_001
Quah-Smith 2013,Sham acupuncture,22,-6.91,4.32711220099502,baseline_followup,5.091981277786998,-1.3570356258267946,1,trt_042
Quilty 2014,Any AD,50,-8.23,5.74185510092339,baseline_followup,5.7500842278571,-1.4312833819248414,1,trt_003
Quilty 2014,Cognitive and cognitive behavioural therapies individual,54,-8.77,5.7576818251793,baseline_followup,5.7500842278571,-1.525195049754661,1,trt_010
Rapaport 2009,Placebo,178,-8.85,8,change_from_baseline,8.009862974549575,-1.1048878149501264,1,trt_031
Rapaport 2009,SSRIs,173,-12.109999999999998,8.02,change_from_baseline,8.009862974549575,-1.5118860383102857,1,trt_039
Raskin 2007,Placebo,104,-41.519999999999996,6.08313408589087,baseline_followup,6.203920301194086,-6.692542454487774,1,trt_031
Raskin 2007,SNRIs,207,-44.09,6.26343998948569,baseline_followup,6.203920301194086,-7.106796647841185,1,trt_038
Ratti 2011_study 096,Placebo,123,-14.0073233346625,5.9,binary_response_converted,5.7120430580866515,-2.4522440031035933,1,trt_031
Ratti 2011_study 096,SSRIs,113,-14.0073233346625,5.5,binary_response_converted,5.7120430580866515,-2.4522440031035933,1,trt_039
Reimherr 1990,Placebo,141,-8.16,7.85,change_from_baseline,8.021815817471376,-1.0172260477768216,1,trt_031
Reimherr 1990,SSRIs,142,-11.66,8.24,change_from_baseline,8.021815817471376,-1.453536239837958,1,trt_039
Reimherr 1990,TCAs,144,-12.64,7.97,change_from_baseline,8.021815817471376,-1.5757030936150764,1,trt_046
Richou 1995,Mirtazapine,87,-14.0073233346625,5.7,binary_response_converted,5.552026656996524,-2.52292076389994,1,trt_026
Richou 1995,TCAs,87,-14.0073233346625,5.4,binary_response_converted,5.552026656996524,-2.52292076389994,1,trt_046
Rickels 1992,Placebo,56,-14.0073233346625,5.46,binary_response_converted,5.5852520414903815,-2.5079124864210702,1,trt_031
Rickels 1992,SSRIs,55,-14.0073233346625,5.71,binary_response_converted,5.5852520414903815,-2.5079124864210702,1,trt_039
Rickels 1994,Placebo,95,-14.0073233346625,2.14,binary_response_converted,2.077071092746785,-6.743786182175771,1,trt_031
Rickels 1994,TCAs,92,-14.0073233346625,2.01,binary_response_converted,2.077071092746785,-6.743786182175771,1,trt_046
Rickhi 2011,Self-help,39,-8.5,4.52118347338393,baseline_followup,4.715287798681036,-1.8026471263064,1,trt_040
Rickhi 2011,Waitlist,45,-2.3,4.87670995651782,baseline_followup,4.715287798681036,-0.48777510476526115,1,trt_048
Robinson 2014,Placebo,95,-7.15,7.51,change_from_baseline,7.415049368875243,-0.964255211841503,1,trt_031
Robinson 2014,SNRIs,201,-7.42,7.37,change_from_baseline,7.415049368875243,-1.0006676464145388,1,trt_038
Roose 2004,Placebo,90,-14.0073233346625,3.8999999999999995,binary_response_converted,4.097900767182439,-3.4181704561609982,1,trt_031
Roose 2004,SSRIs,84,-14.007323334662502,4.3,binary_response_converted,4.097900767182439,-3.4181704561609987,1,trt_039
Ropert 1989,SSRIs,54,-18.2,6.72011904656458,baseline_followup,6.85005586153299,-2.6569126395309395,1,trt_039
Ropert 1989,TCAs,46,-16.6,7,baseline_followup,6.85005586153299,-2.423337901989758,1,trt_046
Roy 2018,Exercise group,20,-4.3,4.88076838213001,baseline_followup,4.351132036608404,-0.9882485669986102,1,trt_016
Roy 2018,No treatment,20,-2.7,3.74737241277138,baseline_followup,4.351132036608404,-0.6205281699758716,1,trt_028
Rush 1977/Kovacs 1981,Cognitive and cognitive behavioural therapies individual,19,-22.95,7.252833928886,baseline_followup,9.33166940296075,-2.4593670230878977,1,trt_010
Rush 1977/Kovacs 1981,TCAs,22,-12.640000000000002,10.7995972147113,baseline_followup,9.33166940296075,-1.3545271970296746,1,trt_046
SER 315 (FDA),Placebo,73,-7.8,8,change_from_baseline,8.402399045642989,-0.9283063036674795,1,trt_031
SER 315 (FDA),SSRIs,76,-8.9,4.52,change_from_baseline,8.402399045642989,-1.0592212952103293,1,trt_039
SER 315 (FDA),TCAs,70,-11.6,11.49,change_from_baseline,8.402399045642989,-1.3805580926336873,1,trt_046
Sahranavard 2018,Cognitive and cognitive behavioural therapies group,10,-16.3,2.62615688792578,baseline_followup,2.9629489814484953,-5.501275959207177,1,trt_008
Sahranavard 2018,Cognitive and cognitive behavioural therapies individual,10,-17.7,2.45293701509028,baseline_followup,2.9629489814484953,-5.973778188832333,1,trt_010
Sahranavard 2018,Waitlist,10,-4.4,3.66382313983631,baseline_followup,2.9629489814484953,-1.4850070073933486,1,trt_048
Salminen 2008,SSRIs,25,-11.2,4.6,change_from_baseline,5.614631032637234,-1.994788247864486,1,trt_039
Salminen 2008,Short-term psychodynamic psychotherapies individual,26,-11,6.44,change_from_baseline,5.614631032637234,-1.9591670291526204,1,trt_043
Saloheimo 2016,Any AD,34,-11.1,6.4,change_from_baseline,6.373071603761146,-1.7417033245710276,1,trt_003
Saloheimo 2016,Interpersonal psychotherapy (IPT) individual + AD,38,-9.1,6.4,change_from_baseline,6.373071603761146,-1.4278829057294011,1,trt_021
Saloheimo 2016,Psychoeducation group + AD,27,-8.3,6.300000000000001,change_from_baseline,6.373071603761146,-1.3023547381927505,1,trt_035
Samuelian 1998,SNRIs,52,-15.2,11.1432715124419,baseline_followup,11.15902661525634,-1.3621259742511,1,trt_038
Samuelian 1998,TCAs,46,-16.3,11.1768555506457,baseline_followup,11.15902661525634,-1.46070088028243,1,trt_046
Sauer 2003,SNRIs,76,-10.5,5.8,change_from_baseline,6.152364853338153,-1.7066608125984115,1,trt_038
Sauer 2003,TCAs,75,-10.37,6.49,change_from_baseline,6.152364853338153,-1.685530726347193,1,trt_046
Schatzberg 2002,Mirtazapine,128,-14.0073233346625,3.5,binary_response_converted,3.5,-4.002092381332143,1,trt_026
Schatzberg 2002,SSRIs,126,-14.0073233346625,3.5,binary_response_converted,3.5,-4.002092381332143,1,trt_039
Schmidt 1983,Cognitive and cognitive behavioural therapies group,22,-24.4,10.56882207249228,baseline_followup,8.860424108620048,-2.7538185193936653,1,trt_008
Schmidt 1983,Self-help,12,-15.300000000000002,7.15821206726931,baseline_followup,8.860424108620048,-1.7267796453575037,1,trt_040
Schmidt 1983,Self-help with support,12,-16.4,7.13932769944061,baseline_followup,8.860424108620048,-1.8509272015596767,1,trt_041
Schmidt 1983,Waitlist,10,-4.3,8.24863625092051,baseline_followup,8.860424108620048,-0.4853040833357689,1,trt_048
Schweizer 1994,Placebo,78,-10.2,9.6,change_from_baseline,9.434369789940042,-1.0811532966278634,1,trt_031
Schweizer 1994,SNRIs,64,-15.6,9.8,change_from_baseline,9.434369789940042,-1.6535285713132029,1,trt_038
Schweizer 1994,TCAs,71,-13.1,8.9,change_from_baseline,9.434369789940042,-1.3885400182181382,1,trt_046
Scott 1992,Cognitive and cognitive behavioural therapies individual,29,-11.6,5.78186821018951,baseline_followup,6.746073389227211,-1.7195187971900827,1,trt_010
Scott 1992,TAU,29,-11.3,6.7014923711066,baseline_followup,6.746073389227211,-1.6750484834696497,1,trt_045
Scott 1992,TCAs,26,-10.2,7.7272245987806,baseline_followup,6.746073389227211,-1.511990666494728,1,trt_046
Serrano-Blanco 2006,SSRIs,49,-12.7,8.68504461704141,baseline_followup,8.712809161129428,-1.4576240297628322,1,trt_039
Serrano-Blanco 2006,TCAs,45,-12.9,8.74299719775776,baseline_followup,8.712809161129428,-1.4805787388929557,1,trt_046
Sharma 2005,Any AD,15,-7.94,4.12712975323045,baseline_followup,4.2451796192858575,-1.870356666165212,1,trt_003
Sharma 2005,Yoga group + AD,15,-13,4.36003440353399,baseline_followup,4.2451796192858575,-3.0622968085828406,1,trt_050
Sheehan 2009a,Placebo,204,-9.3,7.9,change_from_baseline,8.050654914629956,-1.1551855220001652,1,trt_031
Sheehan 2009a,Trazodone,202,-11.4,8.2,change_from_baseline,8.050654914629956,-1.416033865677622,1,trt_047
Sheehan 2009b,Placebo,95,-11.019999999999998,8.01588423070094,baseline_followup,8.094597352166835,-1.361401873442175,1,trt_031
Sheehan 2009b,SNRIs,95,-14.3,8.54921633835523,baseline_followup,8.094597352166835,-1.7666104165356722,1,trt_038
Sheehan 2009b,SSRIs,99,-11.42,7.71239910793004,baseline_followup,8.094597352166835,-1.410817549429187,1,trt_039
Shelton 2006,SNRIs,78,-12.7,5.550675634551169,baseline_followup,5.550675634551169,-2.2880097552353065,1,trt_038
Shelton 2006,SSRIs,82,-11.3,5.55067563455117,baseline_followup,5.550675634551169,-2.035788207414092,1,trt_039
Silverstone 1994,Placebo,69,-10.6,4.34,change_from_baseline,4.296250594754958,-2.4672676246913814,1,trt_031
Silverstone 1994,TCAs,66,-11.8,4.25,change_from_baseline,4.296250594754958,-2.7465809406941797,1,trt_046
Singh 2005,Exercise group,35,-16.6,7.754998388136518,baseline_followup,6.996345199734368,-2.37266737505037,1,trt_016
Singh 2005,TAU,19,-5.3,5.27351874937408,baseline_followup,6.996345199734368,-0.7575383787811422,1,trt_045
Sir 2005,SNRIs,79,-14.3,8.35,change_from_baseline,8.39512060663812,-1.7033704064588213,1,trt_038
Sir 2005,SSRIs,79,-15.900000000000002,8.44,change_from_baseline,8.39512060663812,-1.8939573050835847,1,trt_039
Smeraldi 1998b,SNRIs,55,-15.1,9.267685795278128,baseline_followup,10.288040263096246,-1.4677236493877763,1,trt_038
Smeraldi 1998b,TCAs,58,-15.9,10.4732993846256,baseline_followup,10.288040263096246,-1.5454838427328241,1,trt_046
Smeraldi 1998b,Trazodone,57,-10.1,11.0077245605075,baseline_followup,10.288040263096246,-0.9817224409812279,1,trt_047
Sneed 2014,SSRIs,58,-11.68,6.46177230187738,baseline_followup,6.802054212665902,-1.7171283313577568,1,trt_039
Sneed 2014,TCAs,52,-13.360000000000001,7.16326564571663,baseline_followup,6.802054212665902,-1.9641125434023659,1,trt_046
Solati 2016,Any AD,20,-5.56,4.21231527784899,baseline_followup,3.861120303746052,-1.4399965716182679,1,trt_003
Solati 2016,Cognitive and cognitive behavioural therapies group + AD,20,-8.72000000000001,3.4746078915469,baseline_followup,3.861120303746052,-2.258411889300595,1,trt_009
Spring 1992,Placebo,15,-11.7,9,change_from_baseline,7.961865632364445,-1.4695048296771414,1,trt_031
Spring 1992,TCAs,10,-16.7,6,change_from_baseline,7.961865632364445,-2.0974983466331847,1,trt_046
Sramek 1995,Placebo,70,-6.4,6.7,change_from_baseline,6.500219776504264,-0.9845820941521826,1,trt_031
Sramek 1995,SSRIs,72,-8.6,6.3,change_from_baseline,6.500219776504264,-1.3230321890169952,1,trt_039
Staner 1995,SSRIs,21,-8.2,9.78723658649366,baseline_followup,8.519914751241418,-0.9624509445713874,1,trt_039
Staner 1995,TCAs,19,-13.3,6.84178339323893,baseline_followup,8.519914751241418,-1.561048483268226,1,trt_046
Stark 1985,Placebo,169,-8.2,9,change_from_baseline,9.768560596085944,-0.839427663814213,1,trt_031
Stark 1985,SSRIs,185,-11,10.1,change_from_baseline,9.768560596085944,-1.1260615002385783,1,trt_039
Stark 1985,TCAs,185,-12,10.1,change_from_baseline,9.768560596085944,-1.2284307275329946,1,trt_046
Study 62b (FDA),Placebo,48,-5.69,8.65,change_from_baseline,11.759745258150168,-0.4838540185261674,1,trt_031
Study 62b (FDA),SSRIs,200,-16.98,12.380702726420662,change_from_baseline,11.759745258150168,-1.443908828571937,1,trt_039
Study 89306 (FDA),Placebo,88,-15.95,13.22,change_from_baseline,17.133617157517236,-0.9309184309048288,1,trt_031
Study 89306 (FDA),SSRIs,185,-33.98,18.70104275167564,change_from_baseline,17.133617157517236,-1.983235628974676,1,trt_039
Study F1J-MC-HMAQ - Study Group B,Placebo,72,-7.1,6.96,change_from_baseline,6.878764346194837,-1.0321621213739565,1,trt_031
Study F1J-MC-HMAQ - Study Group B,SNRIs,81,-8,6.75,change_from_baseline,6.878764346194837,-1.162999573379106,1,trt_038
Study F1J-MC-HMAQ - Study Group B,SSRIs,37,-7.63,7,change_from_baseline,6.878764346194837,-1.1092108431103223,1,trt_039
Suleman 1997,SSRIs,15,-18.2,2.36431808350738,baseline_followup,2.7838821814150125,-6.5376329937746025,1,trt_039
Suleman 1997,TCAs,15,-15.9,3.14801524773944,baseline_followup,2.7838821814150125,-5.711448604451439,1,trt_046
Sun 2013,Acupuncture,36,-27.220000000000002,4.19232632317667,baseline_followup,4.11904464816289,-6.608328465713579,1,trt_001
Sun 2013,SSRIs,25,-11.2,4.00977555481601,baseline_followup,4.11904464816289,-2.7190771056573135,1,trt_039
Thase 2018,Cognitive and cognitive behavioural therapies individual,77,-10.4,5.49454274712646,baseline_followup,5.205766033928148,-1.9977847510277764,1,trt_010
Thase 2018,Self-help with support,77,-10.9,4.9,baseline_followup,5.205766033928148,-2.0938320948271887,1,trt_041
Tollefson 1993/1995,Placebo,329,-6.3999999999999995,7.1,change_from_baseline,7.35310250070752,-0.8703809037592211,1,trt_031
Tollefson 1993/1995,SSRIs,326,-8.1,7.6,change_from_baseline,7.35310250070752,-1.1015758313202642,1,trt_039
Tollefson 1994,SSRIs,62,-10,6.7,change_from_baseline,7.367886399775719,-1.357241338615699,1,trt_039
Tollefson 1994,TCAs,60,-9.1,8,change_from_baseline,7.367886399775719,-1.2350896181402862,1,trt_046
Tong 2020,Any AD,45,-16.66,4.41674087987964,baseline_followup,4.475004482263573,-3.722901298988854,1,trt_003
Tong 2020,Cognitive and cognitive behavioural therapies group + AD,43,-19.04,4.53523979520378,baseline_followup,4.475004482263573,-4.254744341701547,1,trt_009
Tsutsui 2000,SSRIs,106,-12.1,9.2,change_from_baseline,9.2,-1.315217391304348,1,trt_039
Tsutsui 2000,Trazodone,105,-9.7,9.2,change_from_baseline,9.2,-1.0543478260869565,1,trt_047
Tzanakaki 2000,SNRIs,55,-14.0073233346625,5.6,binary_response_converted,5.6,-2.5013077383325895,1,trt_038
Tzanakaki 2000,SSRIs,54,-14.0073233346625,5.6,binary_response_converted,5.6,-2.5013077383325895,1,trt_039
Umadevi 2013,Waitlist,23,-2.31,5.08008858190485,baseline_followup,4.682670959727278,-0.4933082037723479,1,trt_048
Umadevi 2013,Yoga group,20,-10.55,4.1755119446602,baseline_followup,4.682670959727278,-2.2529876838953555,1,trt_049
VEN 600A-303 (FDA),Placebo,79,-9.89,8.45,change_from_baseline,8.45,-1.1704142011834322,1,trt_031
VEN 600A-303 (FDA),SNRIs,69,-10.14,8.45,change_from_baseline,8.45,-1.2000000000000002,1,trt_038
VEN 600A-313 (FDA),Placebo,75,-9.49,8.2,change_from_baseline,10.740260704470817,-0.8835912145083802,1,trt_031
VEN 600A-313 (FDA),SNRIs,149,-22.75,11.807192723081977,change_from_baseline,10.740260704470817,-2.1181981169721444,1,trt_038
VEN XR 367 (FDA),Placebo,81,-13.1,10.63,change_from_baseline,10.599760119562832,-1.235877024784999,1,trt_031
VEN XR 367 (FDA),SNRIs,75,-14.63,10.619999999999997,change_from_baseline,10.599760119562832,-1.3802199139392777,1,trt_038
VEN XR 367 (FDA),SSRIs,80,-11.26,10.55,change_from_baseline,10.599760119562832,-1.0622881907693962,1,trt_039
Valle-Cabrera 2018,Placebo,38,-14.0073233346625,2.8,binary_response_converted,2.558906016249913,-5.473949901134036,1,trt_031
Valle-Cabrera 2018,SSRIs,39,-14.0073233346625,2.3,binary_response_converted,2.558906016249913,-5.473949901134036,1,trt_039
Van Moffaert 1995b,Mirtazapine,100,-14.007323334662498,4.900000000000001,binary_response_converted,5.000999900019996,-2.8009045420309833,1,trt_026
Van Moffaert 1995b,Trazodone,100,-14.007323334662498,5.1,binary_response_converted,5.000999900019996,-2.8009045420309833,1,trt_047
Versiani 1989,Placebo,162,-14.007323334662498,5,binary_response_converted,5.050556136105273,-2.7734219672418527,1,trt_031
Versiani 1989,TCAs,164,-14.007323334662498,5.1000000000000005,binary_response_converted,5.050556136105273,-2.7734219672418527,1,trt_046
Versiani 1999,SSRIs,77,-16.6,7.3,change_from_baseline,7.40197411365514,-2.2426449681006546,1,trt_039
Versiani 1999,TCAs,79,-18.1,7.5,change_from_baseline,7.40197411365514,-2.445293609796497,1,trt_046
WELL AK1A4006,Placebo,148,-12.2,9.73,change_from_baseline,10.311860905892095,-1.1831036232295415,1,trt_031
WELL AK1A4006,SSRIs,146,-13.9,10.87,change_from_baseline,10.311860905892095,-1.3479623248271007,1,trt_039
Wade 2002,Placebo,189,-12,7.9265377057073305,baseline_followup,7.9076418735296805,-1.517519406154346,1,trt_031
Wade 2002,SSRIs,188,-14.900000000000002,7.888599368709249,baseline_followup,7.9076418735296805,-1.8842532626416464,1,trt_039
Wade 2007,SNRIs,146,-21.52,6.02433047028623,baseline_followup,5.995849585838852,-3.589149409422557,1,trt_038
Wade 2007,SSRIs,141,-23.61,5.96620819925158,baseline_followup,5.995849585838852,-3.937723864148075,1,trt_039
Wang 2013,Acupuncture,24,-10.949999999999998,6.08092920531065,baseline_followup,6.8463603469288685,-1.5993899597925685,1,trt_001
Wang 2013,SSRIs,24,-11.42,7.53442764913168,baseline_followup,6.8463603469288685,-1.6680395745051264,1,trt_039
Wang 2014a,Acupuncture + AD,45,-15.85,3.71140135258907,baseline_followup,3.142538897871856,-5.043692541318646,1,trt_002
Wang 2014a,SSRIs,26,-13.870000000000001,1.7359147444503098,baseline_followup,3.142538897871856,-4.413628741204393,1,trt_039
Ward 2000/King 2000,Cognitive and cognitive behavioural therapies individual,63,-13.3,9.82242332624694,baseline_followup,9.99614358630057,-1.3305131008949562,1,trt_010
Ward 2000/King 2000,Counselling individual,67,-12.5,8.97050723203543,baseline_followup,9.99614358630057,-1.2504822376832294,1,trt_013
Ward 2000/King 2000,TAU,67,-8.2,11.0729399890002,baseline_followup,9.99614358630057,-0.8203163479201985,1,trt_045
Wernicke 1987,Placebo,48,-5.7,8.6,change_from_baseline,14.211739080661204,-0.4010768821217907,1,trt_031
Wernicke 1987,SSRIs,297,-26.6,14.909728367747011,change_from_baseline,14.211739080661204,-1.8716921165683569,1,trt_039
Wernicke 1988,Placebo,77,-7,8.6,change_from_baseline,10.90845628879958,-0.6417039968512642,1,trt_031
Wernicke 1988,SSRIs,183,-21.2,11.73882447266335,change_from_baseline,10.90845628879958,-1.9434463904638288,1,trt_039
White 1984,Placebo,45,-17,8.8,change_from_baseline,8.523334377792686,-1.9945245893781938,1,trt_031
White 1984,TCAs,40,-11.7,8.2,change_from_baseline,8.523334377792686,-1.3727022173955803,1,trt_046
Wilson 1982,Behavioural therapies individual + AD,12,-13.660000000000002,8.63218975695043,baseline_followup,8.441709305584977,-1.6181556963780592,1,trt_007
Wilson 1982,Placebo,12,-10.33,9.63249188943339,baseline_followup,8.441709305584977,-1.2236858231028807,1,trt_031
Wilson 1982,Relaxation individual + AD,10,-14.6,5.5094555084872,baseline_followup,8.441709305584977,-1.729507552497779,1,trt_036
Wilson 1982,Relaxation individual + placebo,11,-9.27,9.00007222193244,baseline_followup,8.441709305584977,-1.0981188364146857,1,trt_037
Wilson 1982,TCAs,10,-11.2,8.43028469270167,baseline_followup,8.441709305584977,-1.3267455197243236,1,trt_046
Wright 2005,Cognitive and cognitive behavioural therapies individual,15,-8.3,6.6,change_from_baseline,6.150880695748645,-1.349400258362478,1,trt_010
Wright 2005,Self-help with support,15,-7.5,6.3,change_from_baseline,6.150880695748645,-1.2193375828576607,1,trt_041
Wright 2005,Waitlist,15,-1.9,5.5,change_from_baseline,6.150880695748645,-0.3088988543239407,1,trt_048
Zhang 2007a,Acupuncture + AD,22,-22,5.28488410468952,baseline_followup,5.227953710583134,-4.208147435480274,1,trt_002
Zhang 2007a,SSRIs,20,-18.6,5.16430053347014,baseline_followup,5.227953710583134,-3.557797377269687,1,trt_039
Zhang 2014,Placebo,180,-8.29,6.5,change_from_baseline,6.5,-1.2753846153846153,1,trt_031
Zhang 2014,Trazodone,183,-11.07,6.5,change_from_baseline,6.5,-1.7030769230769232,1,trt_047
Zhang 2019,Mirtazapine,79,-15.900000000000002,2.06639783197718,baseline_followup,2.1166010488516704,-7.5120439010584,1,trt_026
Zhang 2019,SSRIs,79,-14.8,2.16564078277077,baseline_followup,2.1166010488516704,-6.99234275067071,1,trt_039
Zhao 2006,SSRIs,58,-20.7,9.5,change_from_baseline,10.309442011796497,-2.007868124803863,1,trt_039
Zhao 2006,Trazodone,55,-15.4,11.1,change_from_baseline,10.309442011796497,-1.493776286085966,1,trt_047
Zhao 2019a,Acupuncture + AD,321,-30.38,7.465500653003792,baseline_followup,6.846585088087425,-4.437248585847426,1,trt_002
Zhao 2019a,SSRIs,156,-12.88,5.34680278297227,baseline_followup,6.846585088087425,-1.8812298151979872,1,trt_039
Zivkov 1995,Mirtazapine,113,-15.2,8.74814266001647,baseline_followup,8.705843538205345,-1.7459537301922823,1,trt_026
Zivkov 1995,TCAs,111,-15.6,8.66256313108309,baseline_followup,8.705843538205345,-1.791899880986816,1,trt_046
Zu 2014,Cognitive and cognitive behavioural therapies individual,12,-9.6,2.4,change_from_baseline,5.552026656996524,-1.7290983262665574,1,trt_010
Zu 2014,Cognitive and cognitive behavioural therapies individual + AD,43,-9.8,4.7,change_from_baseline,5.552026656996524,-1.7651212080637775,1,trt_011
Zu 2014,SSRIs,25,-6.9,6.799999999999999,change_from_baseline,5.552026656996524,-1.242789422004088,1,trt_039
Zu 2014,TAU,16,-7.8,7,change_from_baseline,5.552026656996524,-1.4048923900915777,1,trt_045
