study,treatment,mean,std.dev,sampleSize
003-008 (FDA),trt_026,-1.4935701657559222,1,58
003-008 (FDA),trt_031,-0.9623002410239498,1,28
29060 07 001,trt_031,-1.0579220994668916,1,11
29060 07 001,trt_039,-1.2683429020189683,1,12
29060 07 001,trt_046,-1.2906455677272528,1,13
29060/299,trt_039,-1.6089525632865116,1,102
29060/299,trt_046,-1.6190788381603427,1,100
Ai 2018,trt_002,-4.316717638077728,1,50
Ai 2018,trt_039,-3.6923743223907604,1,50
Akhondzadeh 2003,trt_039,-1.7544193279202178,1,17
Akhondzadeh 2003,trt_046,-2.1174026371450902,1,20
Albornoz 2011,trt_027,-1.299509440021531,1,12
Albornoz 2011,trt_028,-0.6373073115814404,1,12
Alexopoulos 2003b,trt_013,-2.0067319474481926,1,13
Alexopoulos 2003b,trt_033,-2.951282942835006,1,12
Allard 2004,trt_038,-2.558808718024324,1,73
Allard 2004,trt_039,-2.4735150940901796,1,75
Allen 2006,trt_001,-2.9931285544679542,1,53
Allen 2006,trt_042,-2.9931285544679542,1,52
Allen 2006,trt_048,-2.9931285544679542,1,52
Alves 1999,trt_038,-3.083348309860165,1,40
Alves 1999,trt_039,-3.0833483098601655,1,47
Amsterdam 1986,trt_031,-0.7649323309856417,1,54
Amsterdam 1986,trt_046,-1.664063316530168,1,55
Andreescu 2011,trt_001,-1.086237639107935,1,23
Andreescu 2011,trt_042,-1.1596320741827955,1,22
Andreoli 2002/Dubini 1997/Massana 1998_study 1,trt_031,-1.8962742820497298,1,128
Andreoli 2002/Dubini 1997/Massana 1998_study 1,trt_039,-2.9326102268908616,1,127
Arean 1993,trt_032,-2.9518259271820195,1,19
Arean 1993,trt_048,-0.0719957543215125,1,20
Arean 2010,trt_013,-1.2575561528590091,1,111
Arean 2010,trt_033,-1.6441598425430433,1,110
Ashouri 2013,trt_003,-1.4553802512300908,1,13
Ashouri 2013,trt_011,-6.170812265215585,1,20
Bakish 1992b,trt_031,-4.009104200018118,1,56
Bakish 1992b,trt_046,-4.009104200018118,1,59
Baldwin 2012,trt_031,-1.5255826701369533,1,145
Baldwin 2012,trt_038,-1.7317424904257308,1,149
Basterzi 2009,trt_038,-2.169942578512196,1,21
Basterzi 2009,trt_039,-1.9288378475663968,1,22
Baune 2018,trt_031,-0.9428769803472936,1,48
Baune 2018,trt_039,-1.8810395757928509,1,52
Beach 1992,trt_010,-2.0807733721923887,1,15
Beach 1992,trt_048,-0.9399355577834584,1,15
Beasley 1991a,trt_039,-1.6394592817055338,1,63
Beasley 1991a,trt_047,-1.8679085258776167,1,57
Beasley 1993b,trt_039,-1.275847090949858,1,65
Beasley 1993b,trt_046,-1.147273353102198,1,71
Benkert 1996,trt_038,-2.3503050451322562,1,85
Benkert 1996,trt_046,-2.3503050451322554,1,82
Benkert 2000,trt_026,-4.308707475683311,1,139
Benkert 2000,trt_039,-4.308707475683311,1,136
Bersani 1994,trt_039,-2.9290649813832346,1,31
Bersani 1994,trt_046,-2.7567670413018677,1,30
Bhargava 2012,trt_039,-3.2159427050552543,1,30
Bhargava 2012,trt_046,-3.663975748580046,1,30
Bielski 2004,trt_038,-1.3662380571213801,1,98
Bielski 2004,trt_039,-1.5972930226639666,1,97
Binnemann 2008,trt_031,-1.3412937207860358,1,31
Binnemann 2008,trt_039,-1.7681887753387622,1,30
Bjerkenstedt 2005,trt_031,-1.2912700224781204,1,55
Bjerkenstedt 2005,trt_039,-1.184773525778894,1,54
Blackburn 1997,trt_003,-2.2506293455847874,1,38
Blackburn 1997,trt_010,-1.221770216174599,1,24
Blashki 1971,trt_031,-0.9868540253976218,1,18
Blashki 1971,trt_046,-3.105300666584517,1,27
Blom 2007,trt_003,-0.6621092683951638,1,47
Blom 2007,trt_020,-1.024200274548769,1,50
Blom 2007,trt_021,-1.3242185367903276,1,49
Blom 2007,trt_022,-1.1483457623728621,1,47
Blumenthal 2007/Hoffman 2011,trt_016,-1.0357024206506227,1,51
Blumenthal 2007/Hoffman 2011,trt_018,-1.0213176648082527,1,53
Blumenthal 2007/Hoffman 2011,trt_031,-0.8774701063845552,1,49
Blumenthal 2007/Hoffman 2011,trt_039,-0.8774701063845552,1,49
Bose 2008,trt_031,-1.0268929780002176,1,134
Bose 2008,trt_039,-1.1722080220568523,1,129
Boulenger 2014,trt_031,-1.2406166412386384,1,158
Boulenger 2014,trt_038,-2.242653159162154,1,146
Bowman 1995,trt_040,-2.3697471475539853,1,20
Bowman 1995,trt_048,-0.02618505135418755,1,10
Brannan 2005,trt_031,-1.3050672237969614,1,136
Brannan 2005,trt_038,-1.378771117643333,1,132
Burke 2002,trt_031,-0.6387605774794355,1,119
Burke 2002,trt_039,-2.6297908881334204,1,366
Carman 1991,trt_031,-0.9664948453608248,1,48
Carman 1991,trt_046,-1.7396907216494846,1,48
Chang 2015,trt_038,-2.4000472013531104,1,54
Chang 2015,trt_039,-2.2744633361660296,1,58
Chiu 1996,trt_039,-2.3067267847063024,1,15
Chiu 1996,trt_046,-1.7471742478221004,1,15
Choi 2012,trt_041,-1.4811029085273621,1,25
Choi 2012,trt_048,0.05306883385602939,1,30
Choi 2014a/Choi 2014b,trt_005,-0.7162231331605267,1,36
Choi 2014a/Choi 2014b,trt_033,-2.9514413876124683,1,85
Claghorn 1992a,trt_031,-0.4897684509635042,1,27
Claghorn 1992a,trt_039,-1.1438600859104064,1,32
Claghorn 1992b,trt_031,-0.6602176122731146,1,27
Claghorn 1992b,trt_039,-1.3757540044452512,1,32
Clayton 2006_study 1,trt_031,-1.5076672886319538,1,130
Clayton 2006_study 1,trt_039,-1.7693285536011358,1,133
Clayton 2006_study 2,trt_031,-1.4933705852036694,1,126
Clayton 2006_study 2,trt_039,-1.6188639116913728,1,133
Clerc 1994,trt_038,-1.8911028440032265,1,33
Clerc 1994,trt_039,-1.302206782932046,1,34
Cohn 1990b,trt_039,-1.713917525773196,1,121
Cohn 1990b,trt_046,-1.8298969072164948,1,64
Connolly Gibbons 2012,trt_004,-0.6275035543462278,1,15
Connolly Gibbons 2012,trt_043,-1.0297494225168868,1,16
Connolly Gibbons 2016,trt_010,-0.9618049645169529,1,119
Connolly Gibbons 2016,trt_043,-0.7970335960937299,1,118
Cornelius 1997,trt_014,-0.5156542611213273,1,25
Cornelius 1997,trt_015,-0.1718847537071091,1,26
Costa 1998,trt_038,-2.956924934954331,1,196
Costa 1998,trt_039,-2.8463856850494964,1,186
De Ronchi 1998,trt_039,-1.4556023777258733,1,32
De Ronchi 1998,trt_046,-1.6065347859610692,1,33
DeJonghe 2001/Kool 2003,trt_003,-1.3246624839963865,1,20
DeJonghe 2001/Kool 2003,trt_044,-1.2533345040888888,1,23
DeNayer 2002,trt_038,-1.7718682785971096,1,64
DeNayer 2002,trt_039,-1.2796826456534682,1,67
Demyttenaere 1998,trt_039,-3.0367779198920606,1,35
Demyttenaere 1998,trt_046,-3.380946084146494,1,31
Detke 2004,trt_031,-1.494374135519851,1,93
Detke 2004,trt_038,-3.922732105739609,1,186
Detke 2004,trt_039,-1.9868383392707107,1,85
Deushle 2003,trt_039,-1.6011243217668556,1,40
Deushle 2003,trt_046,-1.9830438847571148,1,40
Diaz-Martinez 1998,trt_038,-3.2369975817926164,1,55
Diaz-Martinez 1998,trt_039,-3.3631143706936273,1,55
Dierick 1996,trt_038,-1.999235907237953,1,153
Dierick 1996,trt_039,-1.7416656369803025,1,161
Duan 2009,trt_002,-2.8832522637522175,1,46
Duan 2009,trt_039,-2.6096589832501826,1,44
Dube 2010,trt_031,-1.4716015692239206,1,122
Dube 2010,trt_039,-1.6980018106429853,1,54
Dubey 2012,trt_038,-2.724378696730348,1,30
Dubey 2012,trt_046,-3.4313462322410357,1,30
E-1569,trt_026,-1.7269819589980488,1,72
E-1569,trt_039,-2.1233384741779293,1,72
Eli Lilly HMAT-A,trt_031,-0.7481296847786578,1,89
Eli Lilly HMAT-A,trt_038,-0.9875937889023704,1,81
Eli Lilly HMAT-A,trt_039,-1.1581923990297214,1,87
Elkin 1989/Imber 1990,trt_010,-1.3041262180874336,1,59
Elkin 1989/Imber 1990,trt_020,-1.4360041502535785,1,61
Elkin 1989/Imber 1990,trt_031,-0.9231455251630147,1,62
Elkin 1989/Imber 1990,trt_046,-1.4213510466795622,1,57
Emsley 2018,trt_031,-1.622914824792174,1,106
Emsley 2018,trt_039,-2.323330696544586,1,98
FDA 244 (EMD 68 843-009),trt_031,-1.2222015845409173,1,95
FDA 244 (EMD 68 843-009),trt_039,-1.1959176794970265,1,89
FDA 245 (EMD 68 843-010),trt_031,-1.304062223617183,1,99
FDA 245 (EMD 68 843-010),trt_039,-1.419126537465758,1,92
Fabre 1992,trt_031,-0.37733978640554694,1,36
Fabre 1992,trt_039,-1.1258536764322367,1,38
Fabre 1992,trt_046,-0.9396500563432247,1,37
Fabre 1995a,trt_031,-0.5665259780306127,1,86
Fabre 1995a,trt_039,-2.206469598645544,1,261
Fagiolini 2020,trt_038,-2.195135649218085,1,152
Fagiolini 2020,trt_047,-1.9263435289056665,1,165
Farabaugh 2015,trt_010,-1.3090726335237668,1,15
Farabaugh 2015,trt_039,-0.8107324832618783,1,11
Fava 1998a,trt_031,-0.9046776777540619,1,19
Fava 1998a,trt_039,-1.707969064035686,1,109
Fava 2005,trt_031,-1.2208279650102336,1,43
Fava 2005,trt_039,-1.053591257474585,1,47
Fawcett 1989,trt_039,-1.7153665325724499,1,19
Fawcett 1989,trt_046,-1.4135890870272965,1,19
Feighner 1982,trt_031,-2.3655180363638006,1,45
Feighner 1982,trt_046,-4.731036072727601,1,94
Fonagy 2019,trt_010,-0.7728168584254335,1,20
Fonagy 2019,trt_041,-0.5326170240499609,1,54
Fonagy 2019,trt_043,-1.0639286142174464,1,73
Forest Laboratories 2000,trt_031,-0.8688105284661573,1,125
Forest Laboratories 2000,trt_039,-2.009124347077989,1,243
Forest Laboratories 2010,trt_031,-0.6620651210928867,1,215
Forest Laboratories 2010,trt_039,-1.7992593290877277,1,637
Forest Research Institute 2003,trt_031,-0.9438998287401276,1,151
Forest Research Institute 2003,trt_039,-1.2553867722243697,1,143
Forest Research Institute 2005,trt_031,-0.9253203825281225,1,132
Forest Research Institute 2005,trt_039,-2.4252348735616116,1,266
Forlenza 2001,trt_039,-1.4171551105791127,1,27
Forlenza 2001,trt_046,-1.343838568580698,1,28
Freed 1999,trt_039,-1.9135397328143129,1,149
Freed 1999,trt_046,-1.6302926085220248,1,157
Fu 2003,trt_001,-3.793618933375298,1,32
Fu 2003,trt_039,-3.3174324563825826,1,30
Fudge 1990,trt_039,-2.2533310478765762,1,17
Fudge 1990,trt_047,-2.6035108728844225,1,15
GSK_29060/103,trt_039,-1.73747421329388,1,45
GSK_29060/103,trt_046,-1.6691465756924353,1,36
Gater 2010,trt_003,-0.17276960230077767,1,42
Gater 2010,trt_029,-0.8638480115038883,1,39
Gater 2010,trt_030,-0.9847867331144328,1,42
Gentil 2000,trt_038,-4.513591294529831,1,57
Gentil 2000,trt_046,-4.513591294529831,1,59
Georgotas 1982,trt_031,-1.3735639862535647,1,18
Georgotas 1982,trt_046,-2.4527928325956516,1,15
Godlewska 2012,trt_031,-0.5648664694711881,1,21
Godlewska 2012,trt_039,-0.7531552926282509,1,21
Golden 2002_448,trt_031,-0.9399506234240749,1,101
Golden 2002_448,trt_039,-2.2596792765144422,1,206
Golden 2002_449,trt_031,-0.9647593593607974,1,110
Golden 2002_449,trt_039,-2.402439973310221,1,218
Goldstein 2002,trt_031,-7.410422993944377,1,70
Goldstein 2002,trt_038,-7.660675003515483,1,70
Goldstein 2002,trt_039,-7.170049353172131,1,33
Goldstein 2004,trt_031,-2.81388343341064,1,89
Goldstein 2004,trt_038,-2.81388343341064,1,91
Goldstein 2004,trt_039,-2.81388343341064,1,87
Gual 2003,trt_031,-1.8836316604028718,1,39
Gual 2003,trt_039,-1.8836316604028718,1,44
Guelfi 1995,trt_031,-0.4646016715142394,1,47
Guelfi 1995,trt_038,-1.3744466115629583,1,46
Hamamci 2006,trt_008,-1.9995069105427203,1,10
Hamamci 2006,trt_028,-0.7962322161625476,1,11
Hamdan-Mansour 2009,trt_028,-0.3755141553289419,1,36
Hamdan-Mansour 2009,trt_034,-1.6110768599596539,1,44
Hao 2014,trt_038,-2.011832085772901,1,127
Hao 2014,trt_039,-1.7494192050199135,1,132
Hashemi 2012,trt_039,-3.518263819004147,1,48
Hashemi 2012,trt_046,-2.7258246805256183,1,49
Hatcher 2018,trt_028,-0.9984167811167354,1,22
Hatcher 2018,trt_041,-1.321847569365819,1,22
Heller 2009,trt_038,-4.025483224380655,1,15
Heller 2009,trt_039,-3.747679471669581,1,14
Hemat-Far 2012,trt_018,-1.5062570462537481,1,10
Hemat-Far 2012,trt_028,-0.1793163150302081,1,10
Hermens 2007,trt_028,-5.469247456621296,1,96
Hermens 2007,trt_039,-5.53653169598219,1,85
Hersen 1984,trt_022,-1.8017958077445255,1,22
Hersen 1984,trt_046,-2.474428079102688,1,14
Hewett 2009,trt_031,-2.972721713215468,1,197
Hewett 2009,trt_038,-2.9727217132154684,1,187
Hewett 2010,trt_031,-1.2453614125916868,1,186
Hewett 2010,trt_038,-1.6038745465195967,1,193
Hieronymus 2016_PZ/109,trt_031,-1.150939055051681,1,103
Hieronymus 2016_PZ/109,trt_039,-1.2674898454366612,1,104
Higuchi 2009,trt_031,-1.300216291551025,1,145
Higuchi 2009,trt_038,-1.5665256524711142,1,74
Higuchi 2009,trt_039,-1.4725341133228473,1,148
Higuchi 2011,trt_031,-1.0884280067070657,1,171
Higuchi 2011,trt_039,-2.6478104393931505,1,241
Higuchi 2016,trt_031,-0.9548299693972206,1,182
Higuchi 2016,trt_038,-2.335140174956136,1,348
Hojatifar 2017,trt_025,-4.497740782623806,1,15
Hojatifar 2017,trt_028,-0.3666636507573755,1,15
Hollon 1992,trt_010,-1.2460609763853188,1,25
Hollon 1992,trt_011,-1.5229634155820562,1,25
Hollon 1992,trt_046,-1.1076097567869498,1,57
Hong 2003,trt_026,-2.7197404308825526,1,66
Hong 2003,trt_039,-2.7197404308825526,1,66
Hopko 2003,trt_007,-1.139385888276142,1,10
Hopko 2003,trt_014,-0.4913601643190863,1,15
Hoyberg 1996,trt_026,-1.6571035473135343,1,56
Hoyberg 1996,trt_046,-1.8737183900996173,1,59
Hunter 2011,trt_031,-1.209399925363154,1,11
Hunter 2011,trt_039,-1.353576073872882,1,12
Husain 2014,trt_008,-3.5869079519628695,1,33
Husain 2014,trt_039,-3.5869079519628695,1,33
Hwang 2004,trt_038,-2.3941281488357236,1,52
Hwang 2004,trt_039,-2.3941281488357236,1,53
Jacobson 1996,trt_006,-1.9456875378353438,1,56
Jacobson 1996,trt_010,-3.679468512144066,1,93
Jamison 1995,trt_040,-2.3129994962906864,1,33
Jamison 1995,trt_048,-0.1309244997900391,1,39
Janakiramaiah 2000,trt_046,-2.209568459101989,1,15
Janakiramaiah 2000,trt_049,-2.263460372738623,1,15
Jefferson 2000,trt_031,-0.7205018136439041,1,101
Jefferson 2000,trt_039,-2.6259611555120803,1,296
Jiahui 2006,trt_001,-1.7782715149080597,1,30
Jiahui 2006,trt_039,-1.7238962817228756,1,30
Judd 2001,trt_021,-2.1993030763339014,1,12
Judd 2001,trt_038,-1.8204315379738596,1,19
Kang 2009,trt_026,-1.3086592030034752,1,73
Kang 2009,trt_038,-1.18869877606149,1,53
Kanter 2015,trt_004,-0.9753918399880208,1,22
Kanter 2015,trt_006,-1.2268695859674106,1,21
Kasper 2005a,trt_031,-2.8025380925174685,1,180
Kasper 2005a,trt_039,-5.605076185034938,1,338
Kasper 2005b,trt_039,-3.0490746102252686,1,53
Kasper 2005b,trt_047,-2.9677659539525947,1,55
Kasper 2012,trt_031,-1.3164679221470128,1,71
Kasper 2012,trt_039,-1.8666336209547196,1,139
Katona 2012,trt_031,-1.0656673813273094,1,145
Katona 2012,trt_038,-1.6347130703855814,1,147
Katz 1990,trt_031,-0.4537105809875406,1,11
Katz 1990,trt_046,-1.5607643985971396,1,12
Katz 1993_Protocol 01,trt_031,-1.0309278350515463,1,104
Katz 1993_Protocol 01,trt_046,-1.765463917525773,1,93
Katz 1993_Protocol 03,trt_031,-1.1211340206185567,1,94
Katz 1993_Protocol 03,trt_046,-1.6623711340206186,1,95
Kay-Lambkin 2009,trt_010,-2.086492984876947,1,23
Kay-Lambkin 2009,trt_028,-0.945457040700985,1,21
Kay-Lambkin 2009,trt_040,-1.0952418594598696,1,23
Kay-Lambkin 2011/2017,trt_010,-1.1041421929710875,1,88
Kay-Lambkin 2011/2017,trt_013,-0.7701159833327754,1,89
Kay-Lambkin 2011/2017,trt_040,-1.1969272512039522,1,97
Keller 2006_Study 062,trt_031,-1.6546965867394943,1,154
Keller 2006_Study 062,trt_039,-2.0388225800897337,1,161
Kennedy 2007,trt_010,-1.561989700823074,1,12
Kennedy 2007,trt_038,-1.9137769464867052,1,12
Khan 1991,trt_031,-0.3232099067357867,1,26
Khan 1991,trt_038,-2.1978273658033496,1,67
Khan 1995,trt_026,-1.50916535580909,1,26
Khan 1995,trt_031,-0.7923118117997722,1,26
Khan 2007,trt_038,-2.1858200004996364,1,91
Khan 2007,trt_039,-2.1744945082690683,1,110
Kheirabadi 2020,trt_010,-1.579576224369087,1,16
Kheirabadi 2020,trt_039,-1.1748914065555192,1,12
Khoshnab 2017,trt_018,-0.2727945895753158,1,15
Khoshnab 2017,trt_019,-0.5801687750122915,1,15
Khoshnab 2017,trt_028,-0.19979322053403414,1,15
Khoshnab 2017,trt_039,-0.24589934834958044,1,15
Kim 2011,trt_026,-4.830111494711207,1,30
Kim 2011,trt_039,-4.830111494711207,1,30
Kinoshita 2009,trt_026,-3.459895543742677,1,200
Kinoshita 2009,trt_031,-0.922638811664714,1,70
Komulainen 2018,trt_031,-0.49861177748036045,1,15
Komulainen 2018,trt_039,-0.4306192623694021,1,17
Kramer 2014,trt_033,-1.1131872614237903,1,131
Kramer 2014,trt_048,-0.4852631848342542,1,132
Kranzler 2006_Group A,trt_031,-1.3301073641147434,1,100
Kranzler 2006_Group A,trt_039,-1.4963707846290863,1,89
Krejtz 2018,trt_005,-0.8533458840653864,1,25
Krejtz 2018,trt_040,-1.3513914671951237,1,26
Lam 2013,trt_011,-1.8371335389486787,1,48
Lam 2013,trt_039,-1.6733127138194974,1,51
Lam 2016,trt_023,-1.4759275881383034,1,32
Lam 2016,trt_024,-1.861431062652039,1,29
Lam 2016,trt_031,-0.7159350240969381,1,30
Lam 2016,trt_039,-0.9692658787773932,1,31
Legrand 2016,trt_003,-0.5924104934293498,1,10
Legrand 2016,trt_019,-2.4592891154687986,1,25
Leinonen 1999,trt_026,-3.302994177786483,1,136
Leinonen 1999,trt_039,-3.254657677623754,1,133
Levin 2013,trt_031,-2.038163462707442,1,52
Levin 2013,trt_038,-1.6952621419429277,1,51
Lindegaard 2019,trt_041,-2.1083682278005504,1,25
Lindegaard 2019,trt_048,-0.45987275329334787,1,25
Loo 2002,trt_031,-1.5992540163959907,1,139
Loo 2002,trt_039,-1.8843614902974322,1,147
Luo 1985,trt_001,-1.8507854934622463,1,27
Luo 1985,trt_046,-1.791843280294659,1,20
M/2020/0046 (Study 046),trt_031,-1.36094674556213,1,247
M/2020/0046 (Study 046),trt_039,-1.4792899408284022,1,243
M/2020/0046 (Study 047),trt_031,-1.3541681618414578,1,239
M/2020/0046 (Study 047),trt_039,-1.5820974564088321,1,242
MDF/29060/III/070/88/MC,trt_039,-2.3739909041286196,1,24
MDF/29060/III/070/88/MC,trt_046,-1.7804931780964646,1,20
MIR 003-003 (FDA),trt_026,-1.2373063910969664,1,45
MIR 003-003 (FDA),trt_031,-1.0469515616974332,1,45
MIR 003-020 (FDA),trt_026,-1.2978397109012874,1,40
MIR 003-020 (FDA),trt_031,-0.5877010011628472,1,39
MIR 003-020 (FDA),trt_046,-1.4080336486193212,1,40
MIR 003-021 (FDA),trt_026,-1.4734861618779782,1,45
MIR 003-021 (FDA),trt_031,-1.1964203878496407,1,48
MIR 003-021 (FDA),trt_046,-1.7127702394479065,1,48
MY-1042/BRL-029060/CPMS-251,trt_031,-1.083457203591652,1,123
MY-1042/BRL-029060/CPMS-251,trt_039,-1.3434869324536487,1,120
MY-1045/BRL-029060/1 (PAR 128),trt_031,-0.759417961355775,1,136
MY-1045/BRL-029060/1 (PAR 128),trt_039,-2.09261838240258,1,694
Macias-Cortes 2015,trt_031,-1.6741500399273759,1,43
Macias-Cortes 2015,trt_039,-2.614023746553271,1,46
Mahableshwarkar 2013,trt_031,-1.1394182090521912,1,149
Mahableshwarkar 2013,trt_038,-1.4617107881840967,1,149
Mahableshwarkar 2015a,trt_031,-3.270257734702272,1,161
Mahableshwarkar 2015a,trt_038,-3.2702577347022723,1,152
Maina 2007,trt_014,-2.720020995433271,1,17
Maina 2007,trt_044,-2.930917255516566,1,18
Marchesi 1998,trt_039,-2.6700222444874377,1,67
Marchesi 1998,trt_046,-2.766529072601441,1,75
Markkula 2019,trt_013,-1.8825536251010528,1,124
Markkula 2019,trt_028,-0.5098582734648686,1,134
Marshall 2008,trt_003,-2.807670820027604,1,30
Marshall 2008,trt_010,-2.330590095004837,1,37
Marshall 2008,trt_020,-2.064642967438954,1,35
Mathews 2015,trt_031,-1.353230752187099,1,281
Mathews 2015,trt_039,-1.5820859529246232,1,280
McCallum 1975,trt_031,-0.7815386266441992,1,12
McCallum 1975,trt_046,-1.7904339446758017,1,12
McKnight 1992,trt_010,-2.3594638620079027,1,22
McKnight 1992,trt_046,-2.186051150546297,1,21
McNamara 1986,trt_006,-3.6528411363920545,1,10
McNamara 1986,trt_010,-6.3763565130843665,1,20
Mehtonen 2000,trt_038,-3.4836714751673727,1,75
Mehtonen 2000,trt_039,-3.4836714751673727,1,72
Mendels 1993,trt_031,-1.1297988792466116,1,75
Mendels 1993,trt_038,-1.587941444715086,1,77
Miller 1989a,trt_031,-0.9348976690846145,1,22
Miller 1989a,trt_039,-0.9047396797593042,1,19
Miranda 2003/2006,trt_003,-1.7967031204210597,1,88
Miranda 2003/2006,trt_008,-1.0868944802547154,1,90
Miranda 2003/2006,trt_045,-0.909442320213129,1,89
Miura 2000,trt_039,-0.8148406569153509,1,102
Miura 2000,trt_046,-0.9388381481850782,1,114
Moak 2003,trt_011,-1.9989937741462969,1,38
Moak 2003,trt_012,-1.723270494953704,1,44
Mohr 2011,trt_010,-1.0885197032087568,1,41
Mohr 2011,trt_028,-0.4495183218806532,1,44
Moises 1981,trt_046,-1.9960442999250754,1,20
Moises 1981,trt_047,-1.2650984999525126,1,16
Moller 1993,trt_039,-2.674017526094893,1,81
Moller 1993,trt_046,-2.917110028467156,1,74
Moller 1998,trt_039,-1.4547207806475324,1,62
Moller 1998,trt_046,-1.7649185941679622,1,59
Moller 2000,trt_039,-1.9303552392782923,1,100
Moller 2000,trt_046,-2.140176460938976,1,105
Montgomery 1992,trt_031,-0.9451108935411715,1,64
Montgomery 1992,trt_039,-2.2213685963723364,1,129
Mowla 2016,trt_038,-2.638650120160442,1,26
Mowla 2016,trt_039,-2.8287464191397427,1,28
Mullin 1996,trt_026,-1.6394171996973044,1,71
Mullin 1996,trt_046,-1.7327173655337362,1,71
Mulsant 1999,trt_039,-2.891878173318292,1,29
Mulsant 1999,trt_046,-3.480490544878652,1,27
Mundt 2012,trt_031,-1.7413617558510557,1,50
Mundt 2012,trt_039,-2.1807707970471166,1,55
Munizza 2006,trt_039,-1.322161355016004,1,59
Munizza 2006,trt_047,-1.4831201286701263,1,62
Murphy 1984,trt_010,-2.3433433530297734,1,19
Murphy 1984,trt_011,-2.594207496217193,1,18
Murphy 1984,trt_012,-3.0317612343347853,1,17
Murphy 1984,trt_046,-2.467803082983222,1,16
Murri 2015,trt_017,-4.556060816134582,1,79
Murri 2015,trt_039,-1.6311822675049739,1,42
Mynors-Wallis 1995,trt_031,-1.0652056160763186,1,26
Mynors-Wallis 1995,trt_033,-1.9851559208695033,1,29
Mynors-Wallis 1995,trt_046,-1.7753426934605312,1,27
NCT01020799,trt_031,-1.0943546722873192,1,94
NCT01020799,trt_039,-1.1182488791058196,1,49
NKD20006 (NCT00048204),trt_031,-1.3885448236177809,1,118
NKD20006 (NCT00048204),trt_039,-1.4140227102896668,1,117
Naeem 2014,trt_040,-1.9525014730771864,1,94
Naeem 2014,trt_048,-0.8326844517535059,1,89
Naeem 2015,trt_010,-2.955556756717411,1,69
Naeem 2015,trt_028,-2.033639970218402,1,68
Nemeroff 2007,trt_031,-4.331995809827351,1,102
Nemeroff 2007,trt_038,-4.331995809827351,1,102
Nemeroff 2007,trt_039,-4.33199580982735,1,104
Nezu 1989,trt_032,-5.147239411092384,1,28
Nezu 1989,trt_048,-0.3829521998879512,1,11
Nierenberg 2007,trt_031,-0.8801060203738157,1,137
Nierenberg 2007,trt_038,-1.1218771884497047,1,273
Nierenberg 2007,trt_039,-1.0643828253097067,1,274
Noguera 1991,trt_039,-3.6949235391547806,1,60
Noguera 1991,trt_046,-3.6642856988632815,1,60
Nyth 1992,trt_031,-0.704688507282178,1,45
Nyth 1992,trt_039,-1.3778237978203778,1,88
Owens 2008,trt_038,-1.967070188788783,1,41
Owens 2008,trt_039,-1.8988481013163394,1,40
Ozdemir 2015,trt_024,-4.168380578902604,1,25
Ozdemir 2015,trt_038,-3.775006914999544,1,25
PAR 01 001 (GSK & FDA),trt_031,-1.42875157629256,1,21
PAR 01 001 (GSK & FDA),trt_039,-1.6847414880201763,1,22
Paslakis 2010,trt_026,-2.38919343806557,1,37
Paslakis 2010,trt_038,-2.5350983808482006,1,33
Perahia 2006,trt_031,-7.437234122831445,1,99
Perahia 2006,trt_039,-7.553214382056887,1,97
Philipp 1999,trt_031,-1.6506726197288393,1,46
Philipp 1999,trt_046,-1.937152991747894,1,105
Preskorn 1991,trt_039,-1.4485206048262709,1,29
Preskorn 1991,trt_046,-1.1330012651611425,1,31
Qu 2013,trt_002,-3.946009235463132,1,100
Qu 2013,trt_039,-1.4963055154608522,1,43
Quah-Smith 2005,trt_001,-2.6752504343659718,1,14
Quah-Smith 2005,trt_042,-1.1299194381173048,1,12
Quah-Smith 2013,trt_001,-2.3055858534307623,1,25
Quah-Smith 2013,trt_042,-1.3570356258267946,1,22
Quilty 2014,trt_003,-1.4312833819248414,1,50
Quilty 2014,trt_010,-1.525195049754661,1,54
Rapaport 2009,trt_031,-1.1048878149501264,1,178
Rapaport 2009,trt_039,-1.5118860383102857,1,173
Raskin 2007,trt_031,-6.692542454487774,1,104
Raskin 2007,trt_038,-7.106796647841185,1,207
Ratti 2011_study 096,trt_031,-2.4522440031035933,1,123
Ratti 2011_study 096,trt_039,-2.4522440031035933,1,113
Reimherr 1990,trt_031,-1.0172260477768216,1,141
Reimherr 1990,trt_039,-1.453536239837958,1,142
Reimherr 1990,trt_046,-1.5757030936150764,1,144
Richou 1995,trt_026,-2.52292076389994,1,87
Richou 1995,trt_046,-2.52292076389994,1,87
Rickels 1992,trt_031,-2.5079124864210702,1,56
Rickels 1992,trt_039,-2.5079124864210702,1,55
Rickels 1994,trt_031,-6.743786182175771,1,95
Rickels 1994,trt_046,-6.743786182175771,1,92
Rickhi 2011,trt_040,-1.8026471263064,1,39
Rickhi 2011,trt_048,-0.48777510476526115,1,45
Robinson 2014,trt_031,-0.964255211841503,1,95
Robinson 2014,trt_038,-1.0006676464145388,1,201
Roose 2004,trt_031,-3.4181704561609982,1,90
Roose 2004,trt_039,-3.4181704561609987,1,84
Ropert 1989,trt_039,-2.6569126395309395,1,54
Ropert 1989,trt_046,-2.423337901989758,1,46
Roy 2018,trt_016,-0.9882485669986102,1,20
Roy 2018,trt_028,-0.6205281699758716,1,20
Rush 1977/Kovacs 1981,trt_010,-2.4593670230878977,1,19
Rush 1977/Kovacs 1981,trt_046,-1.3545271970296746,1,22
SER 315 (FDA),trt_031,-0.9283063036674795,1,73
SER 315 (FDA),trt_039,-1.0592212952103293,1,76
SER 315 (FDA),trt_046,-1.3805580926336873,1,70
Sahranavard 2018,trt_008,-5.501275959207177,1,10
Sahranavard 2018,trt_010,-5.973778188832333,1,10
Sahranavard 2018,trt_048,-1.4850070073933486,1,10
Salminen 2008,trt_039,-1.994788247864486,1,25
Salminen 2008,trt_043,-1.9591670291526204,1,26
Saloheimo 2016,trt_003,-1.7417033245710276,1,34
Saloheimo 2016,trt_021,-1.4278829057294011,1,38
Saloheimo 2016,trt_035,-1.3023547381927505,1,27
Samuelian 1998,trt_038,-1.3621259742511,1,52
Samuelian 1998,trt_046,-1.46070088028243,1,46
Sauer 2003,trt_038,-1.7066608125984115,1,76
Sauer 2003,trt_046,-1.685530726347193,1,75
Schatzberg 2002,trt_026,-4.002092381332143,1,128
Schatzberg 2002,trt_039,-4.002092381332143,1,126
Schmidt 1983,trt_008,-2.7538185193936653,1,22
Schmidt 1983,trt_040,-1.7267796453575037,1,12
Schmidt 1983,trt_041,-1.8509272015596767,1,12
Schmidt 1983,trt_048,-0.4853040833357689,1,10
Schweizer 1994,trt_031,-1.0811532966278634,1,78
Schweizer 1994,trt_038,-1.6535285713132029,1,64
Schweizer 1994,trt_046,-1.3885400182181382,1,71
Scott 1992,trt_010,-1.7195187971900827,1,29
Scott 1992,trt_045,-1.6750484834696497,1,29
Scott 1992,trt_046,-1.511990666494728,1,26
Serrano-Blanco 2006,trt_039,-1.4576240297628322,1,49
Serrano-Blanco 2006,trt_046,-1.4805787388929557,1,45
Sharma 2005,trt_003,-1.870356666165212,1,15
Sharma 2005,trt_050,-3.0622968085828406,1,15
Sheehan 2009a,trt_031,-1.1551855220001652,1,204
Sheehan 2009a,trt_047,-1.416033865677622,1,202
Sheehan 2009b,trt_031,-1.361401873442175,1,95
Sheehan 2009b,trt_038,-1.7666104165356722,1,95
Sheehan 2009b,trt_039,-1.410817549429187,1,99
Shelton 2006,trt_038,-2.2880097552353065,1,78
Shelton 2006,trt_039,-2.035788207414092,1,82
Silverstone 1994,trt_031,-2.4672676246913814,1,69
Silverstone 1994,trt_046,-2.7465809406941797,1,66
Singh 2005,trt_016,-2.37266737505037,1,35
Singh 2005,trt_045,-0.7575383787811422,1,19
Sir 2005,trt_038,-1.7033704064588213,1,79
Sir 2005,trt_039,-1.8939573050835847,1,79
Smeraldi 1998b,trt_038,-1.4677236493877763,1,55
Smeraldi 1998b,trt_046,-1.5454838427328241,1,58
Smeraldi 1998b,trt_047,-0.9817224409812279,1,57
Sneed 2014,trt_039,-1.7171283313577568,1,58
Sneed 2014,trt_046,-1.9641125434023659,1,52
Solati 2016,trt_003,-1.4399965716182679,1,20
Solati 2016,trt_009,-2.258411889300595,1,20
Spring 1992,trt_031,-1.4695048296771414,1,15
Spring 1992,trt_046,-2.0974983466331847,1,10
Sramek 1995,trt_031,-0.9845820941521826,1,70
Sramek 1995,trt_039,-1.3230321890169952,1,72
Staner 1995,trt_039,-0.9624509445713874,1,21
Staner 1995,trt_046,-1.561048483268226,1,19
Stark 1985,trt_031,-0.839427663814213,1,169
Stark 1985,trt_039,-1.1260615002385783,1,185
Stark 1985,trt_046,-1.2284307275329946,1,185
Study 62b (FDA),trt_031,-0.4838540185261674,1,48
Study 62b (FDA),trt_039,-1.443908828571937,1,200
Study 89306 (FDA),trt_031,-0.9309184309048288,1,88
Study 89306 (FDA),trt_039,-1.983235628974676,1,185
Study F1J-MC-HMAQ - Study Group B,trt_031,-1.0321621213739565,1,72
Study F1J-MC-HMAQ - Study Group B,trt_038,-1.162999573379106,1,81
Study F1J-MC-HMAQ - Study Group B,trt_039,-1.1092108431103223,1,37
Suleman 1997,trt_039,-6.5376329937746025,1,15
Suleman 1997,trt_046,-5.711448604451439,1,15
Sun 2013,trt_001,-6.608328465713579,1,36
Sun 2013,trt_039,-2.7190771056573135,1,25
Thase 2018,trt_010,-1.9977847510277764,1,77
Thase 2018,trt_041,-2.0938320948271887,1,77
Tollefson 1993/1995,trt_031,-0.8703809037592211,1,329
Tollefson 1993/1995,trt_039,-1.1015758313202642,1,326
Tollefson 1994,trt_039,-1.357241338615699,1,62
Tollefson 1994,trt_046,-1.2350896181402862,1,60
Tong 2020,trt_003,-3.722901298988854,1,45
Tong 2020,trt_009,-4.254744341701547,1,43
Tsutsui 2000,trt_039,-1.315217391304348,1,106
Tsutsui 2000,trt_047,-1.0543478260869565,1,105
Tzanakaki 2000,trt_038,-2.5013077383325895,1,55
Tzanakaki 2000,trt_039,-2.5013077383325895,1,54
Umadevi 2013,trt_048,-0.4933082037723479,1,23
Umadevi 2013,trt_049,-2.2529876838953555,1,20
VEN 600A-303 (FDA),trt_031,-1.1704142011834322,1,79
VEN 600A-303 (FDA),trt_038,-1.2000000000000002,1,69
VEN 600A-313 (FDA),trt_031,-0.8835912145083802,1,75
VEN 600A-313 (FDA),trt_038,-2.1181981169721444,1,149
VEN XR 367 (FDA),trt_031,-1.235877024784999,1,81
VEN XR 367 (FDA),trt_038,-1.3802199139392777,1,75
VEN XR 367 (FDA),trt_039,-1.0622881907693962,1,80
Valle-Cabrera 2018,trt_031,-5.473949901134036,1,38
Valle-Cabrera 2018,trt_039,-5.473949901134036,1,39
Van Moffaert 1995b,trt_026,-2.8009045420309833,1,100
Van Moffaert 1995b,trt_047,-2.8009045420309833,1,100
Versiani 1989,trt_031,-2.7734219672418527,1,162
Versiani 1989,trt_046,-2.7734219672418527,1,164
Versiani 1999,trt_039,-2.2426449681006546,1,77
Versiani 1999,trt_046,-2.445293609796497,1,79
WELL AK1A4006,trt_031,-1.1831036232295415,1,148
WELL AK1A4006,trt_039,-1.3479623248271007,1,146
Wade 2002,trt_031,-1.517519406154346,1,189
Wade 2002,trt_039,-1.8842532626416464,1,188
Wade 2007,trt_038,-3.589149409422557,1,146
Wade 2007,trt_039,-3.937723864148075,1,141
Wang 2013,trt_001,-1.5993899597925685,1,24
Wang 2013,trt_039,-1.6680395745051264,1,24
Wang 2014a,trt_002,-5.043692541318646,1,45
Wang 2014a,trt_039,-4.413628741204393,1,26
Ward 2000/King 2000,trt_010,-1.3305131008949562,1,63
Ward 2000/King 2000,trt_013,-1.2504822376832294,1,67
Ward 2000/King 2000,trt_045,-0.8203163479201985,1,67
Wernicke 1987,trt_031,-0.4010768821217907,1,48
Wernicke 1987,trt_039,-1.8716921165683569,1,297
Wernicke 1988,trt_031,-0.6417039968512642,1,77
Wernicke 1988,trt_039,-1.9434463904638288,1,183
White 1984,trt_031,-1.9945245893781938,1,45
White 1984,trt_046,-1.3727022173955803,1,40
Wilson 1982,trt_007,-1.6181556963780592,1,12
Wilson 1982,trt_031,-1.2236858231028807,1,12
Wilson 1982,trt_036,-1.729507552497779,1,10
Wilson 1982,trt_037,-1.0981188364146857,1,11
Wilson 1982,trt_046,-1.3267455197243236,1,10
Wright 2005,trt_010,-1.349400258362478,1,15
Wright 2005,trt_041,-1.2193375828576607,1,15
Wright 2005,trt_048,-0.3088988543239407,1,15
Zhang 2007a,trt_002,-4.208147435480274,1,22
Zhang 2007a,trt_039,-3.557797377269687,1,20
Zhang 2014,trt_031,-1.2753846153846153,1,180
Zhang 2014,trt_047,-1.7030769230769232,1,183
Zhang 2019,trt_026,-7.5120439010584,1,79
Zhang 2019,trt_039,-6.99234275067071,1,79
Zhao 2006,trt_039,-2.007868124803863,1,58
Zhao 2006,trt_047,-1.493776286085966,1,55
Zhao 2019a,trt_002,-4.437248585847426,1,321
Zhao 2019a,trt_039,-1.8812298151979872,1,156
Zivkov 1995,trt_026,-1.7459537301922823,1,113
Zivkov 1995,trt_046,-1.791899880986816,1,111
Zu 2014,trt_010,-1.7290983262665574,1,12
Zu 2014,trt_011,-1.7651212080637775,1,43
Zu 2014,trt_039,-1.242789422004088,1,25
Zu 2014,trt_045,-1.4048923900915777,1,16
