treatment_1,Acupuncture,Acupuncture + AD,Any AD,Any psychotherapy,Attention placebo,Behavioural therapies individual,Behavioural therapies individual + AD,Cognitive and cognitive behavioural therapies group,Cognitive and cognitive behavioural therapies group + AD,Cognitive and cognitive behavioural therapies individual,Cognitive and cognitive behavioural therapies individual + AD,Cognitive and cognitive behavioural therapies individual + placebo,Counselling individual,Counselling individual + AD,Counselling individual + placebo,Exercise group,Exercise group + AD,Exercise individual,Exercise individual + AD,Interpersonal psychotherapy (IPT) individual,Interpersonal psychotherapy (IPT) individual + AD,Interpersonal psychotherapy (IPT) individual + placebo,Light therapy,Light therapy + AD,Mindfulness or meditation group,Mirtazapine,Music therapy group,No treatment,Peer support group,Peer support group + AD,Placebo,Problem solving group,Problem solving individual,Psychoeducation group,Psychoeducation group + AD,Relaxation individual + AD,Relaxation individual + placebo,SNRIs,SSRIs,Self-help,Self-help with support,Sham acupuncture,Short-term psychodynamic psychotherapies individual,Short-term psychodynamic psychotherapies individual + AD,TAU,TCAs,Trazodone,Waitlist,Yoga group,Yoga group + AD
Acupuncture,NA,-0.074 (-1.377 to 0.653),0.597 (-0.023 to 1.200),1.109 (0.535 to 2.667),1.150 (0.551 to 2.651),1.332 (0.559 to 2.918),0.470 (-0.699 to 1.370),0.334 (-0.589 to 0.714),0.264 (-1.064 to 0.908),0.425 (-0.257 to 0.748),0.050 (-1.134 to 0.653),0.106 (-1.269 to 0.663),0.510 (-0.253 to 1.092),0.772 (-0.279 to 2.172),0.945 (-0.348 to 2.946),0.368 (-0.627 to 0.891),-0.917 (-3.570 to 0.653),0.438 (-0.470 to 1.015),0.119 (-1.255 to 0.666),0.593 (-0.124 to 1.290),0.492 (-0.401 to 1.168),0.615 (-0.232 to 1.485),0.380 (-0.861 to 1.173),0.230 (-0.986 to 0.708),-1.284 (-4.477 to 0.653),0.498 (-0.114 to 0.893),0.450 (-1.042 to 1.639),0.782 (0.380 to 1.541),0.253 (-1.326 to 1.129),0.192 (-1.447 to 1.007),0.804 (0.535 to 1.455),-0.656 (-2.885 to 0.653),0.359 (-0.588 to 0.813),0.164 (-1.479 to 0.934),0.685 (-0.367 to 1.900),0.425 (-0.895 to 1.393),0.740 (-0.261 to 2.016),0.517 (-0.034 to 0.893),0.545 (0.041 to 0.931),0.542 (-0.141 to 1.095),0.554 (-0.111 to 1.122),0.717 (0.292 to 1.367),0.528 (-0.267 to 1.171),0.649 (-0.425 to 1.818),0.665 (0.090 to 1.366),0.503 (-0.052 to 0.856),0.620 (0.098 to 1.171),1.242 (0.559 to 2.429),0.416 (-0.704 to 1.160),0.002 (-1.913 to 0.712)
Acupuncture + AD,0.679 (0.131 to 1.377),NA,0.973 (0.554 to 1.957),1.485 (0.558 to 3.418),1.526 (0.559 to 3.419),1.709 (0.559 to 3.684),0.846 (0.056 to 2.124),0.710 (0.151 to 1.474),0.640 (-0.313 to 1.657),0.801 (0.484 to 1.513),0.427 (-0.386 to 0.883),0.482 (-0.525 to 1.242),0.887 (0.485 to 1.860),1.148 (0.470 to 2.919),1.321 (0.405 to 3.690),0.744 (0.124 to 1.634),-0.540 (-2.814 to 0.653),0.815 (0.278 to 1.765),0.495 (-0.514 to 1.284),0.969 (0.546 to 2.041),0.868 (0.351 to 1.915),0.992 (0.520 to 2.228),0.757 (-0.100 to 1.920),0.606 (-0.225 to 1.446),-0.908 (-3.725 to 0.653),0.875 (0.551 to 1.635),0.826 (-0.290 to 2.387),1.159 (0.559 to 2.301),0.629 (-0.574 to 1.878),0.569 (-0.689 to 1.755),1.180 (0.559 to 2.198),-0.280 (-2.169 to 0.654),0.735 (0.152 to 1.583),0.540 (-0.730 to 1.693),1.061 (0.384 to 2.657),0.801 (-0.147 to 2.140),1.116 (0.488 to 2.764),0.894 (0.556 to 1.633),0.922 (0.558 to 1.668),0.918 (0.543 to 1.883),0.931 (0.546 to 1.902),1.093 (0.554 to 2.371),0.904 (0.475 to 1.936),1.026 (0.332 to 2.563),1.042 (0.557 to 2.121),0.880 (0.555 to 1.602),0.996 (0.558 to 1.912),1.618 (0.559 to 3.237),0.792 (0.026 to 1.931),0.378 (-1.155 to 1.458)
Any AD,0.008 (-1.200 to 0.653),-0.368 (-1.957 to 0.653),NA,0.814 (0.006 to 2.046),0.855 (0.160 to 2.042),1.038 (0.547 to 2.291),0.175 (-1.242 to 0.729),0.039 (-1.113 to 0.653),-0.031 (-1.431 to 0.654),0.130 (-0.762 to 0.653),-0.244 (-1.648 to 0.653),-0.189 (-1.817 to 0.653),0.216 (-0.801 to 0.659),0.478 (-0.786 to 1.499),0.650 (-0.879 to 2.284),0.073 (-1.180 to 0.655),-1.211 (-4.163 to 0.653),0.144 (-1.032 to 0.657),-0.176 (-1.747 to 0.653),0.298 (-0.588 to 0.665),0.197 (-0.835 to 0.657),0.321 (-0.718 to 0.795),0.086 (-1.445 to 0.671),-0.064 (-1.568 to 0.654),-1.578 (-5.039 to 0.653),0.204 (-0.687 to 0.654),0.155 (-1.608 to 1.019),0.488 (-0.159 to 0.903),-0.042 (-1.751 to 0.660),-0.102 (-1.867 to 0.657),0.509 (-0.030 to 0.860),-0.950 (-3.473 to 0.653),0.065 (-1.156 to 0.654),-0.131 (-2.046 to 0.659),0.390 (-0.819 to 1.167),0.131 (-1.470 to 0.788),0.446 (-0.835 to 1.400),0.223 (-0.612 to 0.654),0.251 (-0.543 to 0.654),0.248 (-0.702 to 0.659),0.260 (-0.667 to 0.659),0.423 (-0.533 to 1.016),0.234 (-0.821 to 0.665),0.355 (-0.871 to 1.082),0.371 (-0.419 to 0.701),0.209 (-0.629 to 0.653),0.326 (-0.483 to 0.664),0.948 (0.555 to 1.833),0.121 (-1.290 to 0.669),-0.292 (-2.349 to 0.655)
Any psychotherapy,-0.504 (-2.667 to 0.653),-0.881 (-3.418 to 0.653),-0.210 (-2.046 to 0.654),NA,0.343 (-1.181 to 1.348),0.526 (-0.453 to 1.348),-0.337 (-2.614 to 0.656),-0.473 (-2.604 to 0.653),-0.543 (-2.972 to 0.654),-0.382 (-2.304 to 0.653),-0.756 (-3.158 to 0.653),-0.701 (-3.218 to 0.653),-0.296 (-2.254 to 0.654),-0.034 (-2.159 to 0.824),0.138 (-2.165 to 1.530),-0.439 (-2.600 to 0.653),-1.723 (-5.467 to 0.653),-0.368 (-2.464 to 0.654),-0.688 (-3.198 to 0.653),-0.214 (-2.117 to 0.655),-0.315 (-2.374 to 0.654),-0.191 (-2.179 to 0.657),-0.426 (-2.794 to 0.655),-0.576 (-2.966 to 0.653),-2.090 (-6.320 to 0.653),-0.308 (-2.214 to 0.653),-0.357 (-2.876 to 0.660),-0.024 (-1.661 to 0.659),-0.554 (-3.174 to 0.655),-0.614 (-3.293 to 0.654),-0.003 (-1.578 to 0.659),-1.462 (-4.817 to 0.653),-0.447 (-2.587 to 0.653),-0.643 (-3.352 to 0.654),-0.122 (-2.247 to 0.671),-0.382 (-2.784 to 0.656),-0.066 (-2.157 to 0.699),-0.289 (-2.155 to 0.653),-0.261 (-2.092 to 0.653),-0.265 (-2.166 to 0.654),-0.252 (-2.126 to 0.654),-0.089 (-1.940 to 0.660),-0.279 (-2.075 to 0.653),-0.157 (-2.309 to 0.667),-0.141 (-1.920 to 0.655),-0.303 (-2.178 to 0.653),-0.186 (-1.987 to 0.654),0.435 (-0.744 to 1.277),-0.391 (-2.652 to 0.654),-0.805 (-3.756 to 0.653)
Attention placebo,-0.545 (-2.651 to 0.653),-0.922 (-3.419 to 0.653),-0.251 (-2.042 to 0.653),0.261 (-1.348 to 1.181),NA,0.485 (-0.751 to 1.487),-0.378 (-2.633 to 0.655),-0.514 (-2.582 to 0.653),-0.584 (-2.986 to 0.653),-0.423 (-2.308 to 0.653),-0.797 (-3.156 to 0.653),-0.742 (-3.228 to 0.653),-0.337 (-2.178 to 0.653),-0.075 (-2.181 to 0.692),0.097 (-2.211 to 1.390),-0.480 (-2.612 to 0.653),-1.764 (-5.489 to 0.653),-0.409 (-2.457 to 0.653),-0.729 (-3.211 to 0.653),-0.255 (-2.126 to 0.654),-0.356 (-2.385 to 0.653),-0.232 (-2.195 to 0.655),-0.467 (-2.806 to 0.654),-0.617 (-2.958 to 0.653),-2.131 (-6.334 to 0.653),-0.349 (-2.198 to 0.653),-0.398 (-2.900 to 0.657),-0.065 (-1.634 to 0.655),-0.595 (-3.211 to 0.654),-0.655 (-3.328 to 0.654),-0.044 (-1.567 to 0.655),-1.504 (-4.791 to 0.653),-0.489 (-2.389 to 0.653),-0.684 (-3.361 to 0.653),-0.163 (-2.262 to 0.664),-0.423 (-2.811 to 0.655),-0.107 (-2.180 to 0.670),-0.330 (-2.143 to 0.653),-0.302 (-2.079 to 0.653),-0.306 (-2.043 to 0.653),-0.293 (-2.107 to 0.653),-0.131 (-1.922 to 0.656),-0.320 (-2.253 to 0.654),-0.198 (-2.325 to 0.660),-0.182 (-1.914 to 0.654),-0.344 (-2.164 to 0.653),-0.227 (-1.977 to 0.653),0.394 (-0.674 to 1.037),-0.432 (-2.632 to 0.654),-0.846 (-3.794 to 0.653)
Behavioural therapies individual,-0.728 (-2.918 to 0.653),-1.104 (-3.684 to 0.653),-0.434 (-2.291 to 0.653),0.078 (-1.348 to 0.661),0.120 (-1.487 to 0.751),NA,-0.560 (-2.913 to 0.653),-0.697 (-2.856 to 0.653),-0.767 (-3.263 to 0.653),-0.605 (-2.526 to 0.653),-0.980 (-3.407 to 0.653),-0.924 (-3.502 to 0.653),-0.520 (-2.512 to 0.653),-0.258 (-2.478 to 0.659),-0.086 (-2.509 to 0.972),-0.663 (-2.885 to 0.653),-1.947 (-5.786 to 0.653),-0.592 (-2.732 to 0.653),-0.912 (-3.483 to 0.653),-0.438 (-2.379 to 0.653),-0.539 (-2.646 to 0.653),-0.415 (-2.466 to 0.653),-0.650 (-3.093 to 0.653),-0.800 (-3.248 to 0.653),-2.314 (-6.646 to 0.653),-0.532 (-2.457 to 0.653),-0.580 (-3.211 to 0.654),-0.248 (-1.900 to 0.653),-0.778 (-3.486 to 0.653),-0.838 (-3.604 to 0.653),-0.227 (-1.815 to 0.653),-1.686 (-5.120 to 0.653),-0.671 (-2.857 to 0.653),-0.866 (-3.670 to 0.653),-0.346 (-2.560 to 0.655),-0.605 (-3.095 to 0.653),-0.290 (-2.466 to 0.656),-0.513 (-2.395 to 0.653),-0.485 (-2.330 to 0.653),-0.488 (-2.414 to 0.653),-0.476 (-2.376 to 0.653),-0.313 (-2.217 to 0.653),-0.502 (-2.436 to 0.653),-0.381 (-2.612 to 0.654),-0.365 (-2.175 to 0.653),-0.527 (-2.414 to 0.653),-0.410 (-2.236 to 0.653),0.212 (-0.987 to 0.677),-0.615 (-2.944 to 0.653),-1.028 (-4.074 to 0.653)
Behavioural therapies individual + AD,0.135 (-1.370 to 0.704),-0.242 (-2.124 to 0.654),0.429 (-0.728 to 1.242),0.941 (-0.061 to 2.614),0.982 (0.091 to 2.633),1.165 (0.525 to 2.913),NA,0.166 (-1.319 to 0.776),0.096 (-1.655 to 0.841),0.257 (-1.052 to 0.874),-0.117 (-1.872 to 0.656),-0.062 (-1.926 to 0.665),0.343 (-0.982 to 1.144),0.605 (-0.413 to 1.628),0.777 (-0.550 to 2.455),0.200 (-1.325 to 0.916),-1.084 (-4.177 to 0.653),0.271 (-1.168 to 1.045),-0.049 (-1.898 to 0.667),0.425 (-0.823 to 1.319),0.324 (-1.074 to 1.160),0.448 (-0.889 to 1.470),0.213 (-1.481 to 1.125),0.062 (-1.655 to 0.703),-1.452 (-5.050 to 0.653),0.331 (-0.905 to 1.006),0.282 (-1.608 to 1.537),0.615 (-0.380 to 1.628),0.085 (-1.882 to 1.023),0.025 (-1.997 to 0.898),0.636 (-0.271 to 1.601),-0.824 (-3.538 to 0.653),0.191 (-1.307 to 0.865),-0.004 (-2.079 to 0.851),0.517 (-0.959 to 1.814),0.257 (-1.265 to 1.083),0.572 (-0.625 to 1.699),0.350 (-0.850 to 1.035),0.378 (-0.787 to 1.086),0.374 (-0.898 to 1.186),0.387 (-0.868 to 1.208),0.549 (-0.647 to 1.638),0.360 (-0.983 to 1.216),0.482 (-0.797 to 1.513),0.498 (-0.642 to 1.427),0.336 (-0.871 to 0.999),0.452 (-0.681 to 1.281),1.074 (0.525 to 2.557),0.248 (-1.352 to 1.144),-0.166 (-2.460 to 0.679)
Cognitive and cognitive behavioural therapies group,0.271 (-0.713 to 0.668),-0.105 (-1.474 to 0.653),0.565 (-0.054 to 1.113),1.077 (0.493 to 2.604),1.118 (0.548 to 2.582),1.301 (0.558 to 2.856),0.439 (-0.776 to 1.319),NA,0.232 (-1.101 to 0.819),0.393 (-0.316 to 0.689),0.019 (-1.212 to 0.653),0.075 (-1.346 to 0.660),0.479 (-0.306 to 1.012),0.741 (-0.350 to 2.116),0.913 (-0.412 to 2.877),0.336 (-0.689 to 0.819),-0.948 (-3.662 to 0.653),0.407 (-0.542 to 0.958),0.087 (-1.317 to 0.662),0.561 (-0.193 to 1.226),0.460 (-0.464 to 1.102),0.584 (-0.304 to 1.427),0.349 (-0.946 to 1.139),0.199 (-1.078 to 0.688),-1.315 (-4.520 to 0.653),0.467 (-0.222 to 0.883),0.419 (-1.095 to 1.547),0.751 (0.344 to 1.452),0.221 (-1.369 to 1.053),0.161 (-1.481 to 0.919),0.772 (0.429 to 1.452),-0.687 (-2.947 to 0.653),0.328 (-0.646 to 0.754),0.133 (-1.533 to 0.862),0.653 (-0.419 to 1.821),0.394 (-0.979 to 1.344),0.709 (-0.349 to 1.965),0.486 (-0.152 to 0.887),0.514 (-0.080 to 0.930),0.511 (-0.174 to 1.007),0.523 (-0.150 to 1.035),0.686 (-0.028 to 1.567),0.497 (-0.341 to 1.119),0.618 (-0.478 to 1.744),0.634 (0.061 to 1.266),0.472 (-0.171 to 0.851),0.589 (-0.015 to 1.160),1.211 (0.559 to 2.364),0.384 (-0.775 to 1.106),-0.029 (-1.960 to 0.682)
Cognitive and cognitive behavioural therapies group + AD,0.341 (-0.908 to 1.064),-0.035 (-1.657 to 0.658),0.635 (-0.099 to 1.431),1.147 (0.410 to 2.972),1.188 (0.533 to 2.986),1.371 (0.556 to 3.263),0.508 (-0.841 to 1.655),0.372 (-0.819 to 1.101),NA,0.463 (-0.549 to 1.193),0.089 (-1.371 to 0.666),0.144 (-1.451 to 0.818),0.549 (-0.499 to 1.487),0.811 (-0.360 to 2.396),0.983 (-0.391 to 3.120),0.406 (-0.854 to 1.257),-0.878 (-3.730 to 0.653),0.477 (-0.704 to 1.391),0.157 (-1.393 to 0.819),0.631 (-0.305 to 1.620),0.530 (-0.535 to 1.446),0.654 (-0.371 to 1.785),0.419 (-1.033 to 1.499),0.269 (-1.206 to 1.077),-1.245 (-4.583 to 0.653),0.537 (-0.445 to 1.386),0.488 (-1.154 to 1.878),0.821 (0.103 to 1.971),0.291 (-1.328 to 1.287),0.231 (-1.447 to 1.161),0.842 (0.191 to 1.973),-0.617 (-3.078 to 0.653),0.398 (-0.829 to 1.216),0.202 (-1.615 to 1.214),0.723 (-0.408 to 2.088),0.464 (-1.047 to 1.684),0.779 (-0.415 to 2.304),0.556 (-0.390 to 1.399),0.584 (-0.320 to 1.453),0.581 (-0.408 to 1.521),0.593 (-0.386 to 1.550),0.756 (-0.186 to 2.004),0.567 (-0.497 to 1.560),0.688 (-0.468 to 2.010),0.704 (-0.144 to 1.753),0.542 (-0.406 to 1.370),0.659 (-0.218 to 1.645),1.281 (0.557 to 2.898),0.454 (-0.906 to 1.505),0.041 (-1.911 to 0.869)
Cognitive and cognitive behavioural therapies individual,0.180 (-0.748 to 0.654),-0.197 (-1.513 to 0.653),0.474 (-0.075 to 0.762),0.986 (0.426 to 2.304),1.027 (0.540 to 2.308),1.210 (0.559 to 2.526),0.347 (-0.874 to 1.052),0.211 (-0.680 to 0.654),0.141 (-1.193 to 0.667),NA,-0.072 (-1.214 to 0.653),-0.017 (-1.405 to 0.654),0.388 (-0.335 to 0.689),0.650 (-0.465 to 1.859),0.822 (-0.545 to 2.646),0.245 (-0.753 to 0.662),-1.039 (-3.764 to 0.653),0.316 (-0.608 to 0.683),-0.004 (-1.405 to 0.655),0.470 (-0.227 to 0.896),0.369 (-0.529 to 0.797),0.493 (-0.377 to 1.138),0.258 (-1.048 to 0.860),0.108 (-1.159 to 0.657),-1.406 (-4.640 to 0.653),0.376 (-0.213 to 0.656),0.327 (-1.212 to 1.311),0.660 (0.329 to 1.104),0.130 (-1.486 to 0.798),0.070 (-1.602 to 0.691),0.681 (0.472 to 1.046),-0.779 (-3.059 to 0.653),0.236 (-0.703 to 0.657),0.041 (-1.648 to 0.676),0.562 (-0.528 to 1.567),0.302 (-1.079 to 1.084),0.617 (-0.452 to 1.701),0.395 (-0.115 to 0.655),0.423 (-0.037 to 0.656),0.419 (-0.220 to 0.694),0.432 (-0.175 to 0.697),0.594 (-0.104 to 1.273),0.405 (-0.352 to 0.769),0.527 (-0.585 to 1.479),0.543 (0.021 to 0.946),0.381 (-0.126 to 0.654),0.497 (-0.014 to 0.797),1.119 (0.559 to 2.031),0.293 (-0.872 to 0.838),-0.121 (-2.077 to 0.662)
Cognitive and cognitive behavioural therapies individual + AD,0.554 (-0.124 to 1.134),0.178 (-0.883 to 0.656),0.849 (0.530 to 1.648),1.361 (0.557 to 3.158),1.402 (0.558 to 3.156),1.585 (0.559 to 3.407),0.722 (-0.186 to 1.872),0.586 (-0.080 to 1.212),0.516 (-0.520 to 1.371),0.677 (0.282 to 1.214),NA,0.358 (-0.611 to 0.836),0.762 (0.262 to 1.582),1.024 (0.232 to 2.661),1.197 (0.161 to 3.430),0.620 (-0.111 to 1.381),-0.665 (-3.078 to 0.653),0.690 (0.034 to 1.517),0.371 (-0.743 to 1.011),0.845 (0.399 to 1.775),0.744 (0.118 to 1.644),0.867 (0.293 to 1.974),0.632 (-0.361 to 1.680),0.482 (-0.490 to 1.206),-1.032 (-3.962 to 0.653),0.750 (0.384 to 1.407),0.702 (-0.533 to 2.122),1.034 (0.558 to 2.034),0.505 (-0.789 to 1.605),0.444 (-0.903 to 1.476),1.056 (0.559 to 1.974),-0.404 (-2.400 to 0.653),0.611 (-0.089 to 1.318),0.416 (-0.971 to 1.430),0.937 (0.161 to 2.382),0.677 (-0.400 to 1.894),0.992 (0.245 to 2.511),0.769 (0.457 to 1.411),0.797 (0.525 to 1.450),0.794 (0.357 to 1.608),0.807 (0.388 to 1.627),0.969 (0.530 to 2.126),0.780 (0.244 to 1.664),0.901 (0.102 to 2.296),0.918 (0.549 to 1.830),0.755 (0.445 to 1.371),0.872 (0.544 to 1.688),1.494 (0.559 to 2.964),0.668 (-0.217 to 1.670),0.254 (-1.376 to 1.183)
Cognitive and cognitive behavioural therapies individual + placebo,0.499 (-0.487 to 1.269),0.122 (-1.242 to 0.665),0.793 (0.149 to 1.817),1.305 (0.551 to 3.218),1.346 (0.555 to 3.228),1.529 (0.559 to 3.502),0.666 (-0.476 to 1.926),0.530 (-0.435 to 1.346),0.460 (-0.818 to 1.451),0.621 (-0.128 to 1.405),0.247 (-0.836 to 0.672),NA,0.707 (-0.090 to 1.712),0.969 (-0.037 to 2.699),1.141 (-0.063 to 3.440),0.564 (-0.443 to 1.487),-0.720 (-3.353 to 0.653),0.635 (-0.299 to 1.628),0.315 (-1.050 to 1.103),0.789 (0.061 to 1.900),0.688 (-0.215 to 1.750),0.812 (-0.021 to 2.066),0.577 (-0.644 to 1.739),0.426 (-0.801 to 1.287),-1.088 (-4.222 to 0.653),0.695 (-0.015 to 1.586),0.646 (-0.775 to 2.154),0.979 (0.517 to 2.190),0.449 (-1.058 to 1.656),0.389 (-1.170 to 1.521),1.000 (0.546 to 2.170),-0.460 (-2.685 to 0.653),0.555 (-0.421 to 1.436),0.360 (-1.237 to 1.470),0.881 (-0.111 to 2.432),0.621 (-0.662 to 1.940),0.936 (-0.029 to 2.562),0.714 (0.043 to 1.603),0.742 (0.108 to 1.648),0.738 (-0.002 to 1.752),0.751 (0.025 to 1.770),0.913 (0.215 to 2.228),0.724 (-0.093 to 1.786),0.846 (-0.166 to 2.340),0.862 (0.258 to 1.982),0.700 (0.025 to 1.561),0.816 (0.207 to 1.853),1.438 (0.559 to 3.119),0.612 (-0.513 to 1.747),0.198 (-1.643 to 1.213)
Counselling individual,0.094 (-1.092 to 0.655),-0.282 (-1.860 to 0.653),0.389 (-0.459 to 0.801),0.901 (0.128 to 2.254),0.942 (0.374 to 2.178),1.124 (0.554 to 2.512),0.262 (-1.144 to 0.982),0.125 (-1.012 to 0.655),0.056 (-1.487 to 0.665),0.217 (-0.679 to 0.654),-0.158 (-1.582 to 0.653),-0.102 (-1.712 to 0.654),NA,0.564 (-0.729 to 1.770),0.737 (-0.791 to 2.544),0.160 (-1.053 to 0.661),-1.125 (-4.028 to 0.653),0.230 (-0.911 to 0.674),-0.089 (-1.694 to 0.655),0.385 (-0.570 to 0.901),0.284 (-0.847 to 0.771),0.407 (-0.684 to 1.098),0.172 (-1.312 to 0.787),0.022 (-1.456 to 0.657),-1.492 (-4.876 to 0.653),0.290 (-0.601 to 0.663),0.242 (-1.444 to 1.193),0.574 (-0.010 to 1.096),0.045 (-1.749 to 0.729),-0.016 (-1.861 to 0.675),0.595 (0.048 to 1.121),-0.864 (-3.323 to 0.653),0.151 (-0.877 to 0.654),-0.044 (-1.885 to 0.667),0.476 (-0.790 to 1.494),0.217 (-1.346 to 0.998),0.532 (-0.719 to 1.630),0.309 (-0.530 to 0.663),0.337 (-0.464 to 0.668),0.334 (-0.525 to 0.680),0.346 (-0.539 to 0.713),0.509 (-0.399 to 1.228),0.320 (-0.705 to 0.779),0.441 (-0.854 to 1.421),0.457 (-0.307 to 0.928),0.295 (-0.548 to 0.660),0.412 (-0.389 to 0.828),1.034 (0.558 to 2.035),0.208 (-1.144 to 0.764),-0.206 (-2.340 to 0.660)
Counselling individual + AD,-0.168 (-2.172 to 0.659),-0.544 (-2.919 to 0.653),0.127 (-1.499 to 0.786),0.639 (-0.824 to 2.159),0.680 (-0.667 to 2.181),0.863 (-0.240 to 2.478),0.000 (-1.628 to 0.661),-0.136 (-2.116 to 0.661),-0.206 (-2.396 to 0.662),-0.045 (-1.859 to 0.664),-0.420 (-2.661 to 0.654),-0.364 (-2.699 to 0.655),0.041 (-1.770 to 0.730),NA,0.475 (-0.754 to 1.441),-0.102 (-2.101 to 0.666),-1.387 (-4.941 to 0.653),-0.032 (-1.960 to 0.681),-0.351 (-2.671 to 0.656),0.123 (-1.604 to 0.886),0.022 (-1.839 to 0.713),0.146 (-1.645 to 1.018),-0.090 (-2.257 to 0.693),-0.240 (-2.433 to 0.659),-1.754 (-5.778 to 0.653),0.029 (-1.724 to 0.679),-0.020 (-2.341 to 1.049),0.312 (-1.182 to 1.220),-0.217 (-2.594 to 0.671),-0.278 (-2.710 to 0.664),0.334 (-1.091 to 1.202),-1.126 (-4.307 to 0.653),-0.111 (-2.100 to 0.665),-0.306 (-2.818 to 0.665),0.215 (-1.679 to 1.332),-0.045 (-2.114 to 0.732),0.270 (-1.488 to 1.350),0.047 (-1.667 to 0.682),0.076 (-1.608 to 0.698),0.072 (-1.694 to 0.766),0.085 (-1.664 to 0.788),0.247 (-1.434 to 1.201),0.058 (-1.768 to 0.785),0.180 (-1.228 to 0.734),0.196 (-1.434 to 1.005),0.033 (-1.693 to 0.675),0.150 (-1.498 to 0.875),0.772 (-0.273 to 2.146),-0.054 (-2.137 to 0.704),-0.468 (-3.174 to 0.658)
Counselling individual + placebo,-0.340 (-2.946 to 0.664),-0.717 (-3.690 to 0.654),-0.046 (-2.284 to 0.879),0.466 (-1.530 to 2.165),0.507 (-1.390 to 2.211),0.690 (-0.972 to 2.509),-0.173 (-2.455 to 0.673),-0.309 (-2.877 to 0.666),-0.379 (-3.120 to 0.665),-0.218 (-2.646 to 0.673),-0.592 (-3.430 to 0.655),-0.537 (-3.440 to 0.658),-0.132 (-2.544 to 0.791),0.130 (-1.441 to 0.754),NA,-0.275 (-2.852 to 0.672),-1.559 (-5.634 to 0.653),-0.204 (-2.716 to 0.694),-0.524 (-3.398 to 0.658),-0.050 (-2.362 to 0.947),-0.151 (-2.592 to 0.765),-0.027 (-2.392 to 1.055),-0.262 (-2.967 to 0.700),-0.412 (-3.174 to 0.662),-1.926 (-6.462 to 0.653),-0.144 (-2.498 to 0.707),-0.193 (-3.007 to 1.030),0.140 (-1.961 to 1.289),-0.390 (-3.286 to 0.673),-0.450 (-3.406 to 0.667),0.161 (-1.879 to 1.297),-1.298 (-5.024 to 0.653),-0.283 (-2.857 to 0.670),-0.479 (-3.504 to 0.667),0.042 (-2.387 to 1.334),-0.218 (-2.844 to 0.748),0.098 (-2.198 to 1.385),-0.125 (-2.454 to 0.721),-0.097 (-2.392 to 0.780),-0.101 (-2.458 to 0.831),-0.088 (-2.425 to 0.854),0.075 (-2.176 to 1.242),-0.115 (-2.529 to 0.848),0.007 (-2.056 to 0.872),0.023 (-2.210 to 1.075),-0.139 (-2.483 to 0.704),-0.022 (-2.267 to 0.959),0.599 (-1.046 to 2.219),-0.227 (-2.864 to 0.732),-0.641 (-3.849 to 0.659)
Exercise group,0.237 (-0.891 to 0.676),-0.140 (-1.634 to 0.653),0.531 (-0.267 to 1.180),1.043 (0.359 to 2.600),1.084 (0.521 to 2.612),1.267 (0.557 to 2.885),0.404 (-0.916 to 1.325),0.268 (-0.819 to 0.697),0.198 (-1.257 to 0.854),0.359 (-0.524 to 0.753),-0.015 (-1.381 to 0.654),0.040 (-1.487 to 0.662),0.445 (-0.478 to 1.053),0.707 (-0.483 to 2.101),0.879 (-0.533 to 2.852),NA,-0.982 (-3.771 to 0.653),0.373 (-0.625 to 0.909),0.053 (-1.456 to 0.662),0.527 (-0.367 to 1.262),0.426 (-0.635 to 1.127),0.550 (-0.455 to 1.447),0.315 (-1.075 to 1.123),0.165 (-1.217 to 0.690),-1.349 (-4.634 to 0.653),0.433 (-0.404 to 0.926),0.384 (-1.197 to 1.525),0.717 (0.186 to 1.472),0.187 (-1.509 to 1.051),0.127 (-1.636 to 0.932),0.738 (0.247 to 1.500),-0.721 (-3.123 to 0.653),0.294 (-0.832 to 0.791),0.098 (-1.650 to 0.836),0.619 (-0.566 to 1.830),0.359 (-1.106 to 1.341),0.675 (-0.467 to 1.958),0.452 (-0.338 to 0.936),0.480 (-0.266 to 0.982),0.476 (-0.394 to 1.094),0.489 (-0.373 to 1.119),0.652 (-0.201 to 1.596),0.462 (-0.508 to 1.156),0.584 (-0.617 to 1.748),0.600 (-0.077 to 1.267),0.438 (-0.357 to 0.901),0.555 (-0.183 to 1.192),1.177 (0.558 to 2.461),0.350 (-0.935 to 1.123),-0.064 (-2.102 to 0.683)
Exercise group + AD,1.521 (0.558 to 3.570),1.145 (0.531 to 2.814),1.816 (0.559 to 4.163),2.328 (0.559 to 5.467),2.369 (0.559 to 5.489),2.552 (0.559 to 5.786),1.689 (0.558 to 4.177),1.553 (0.558 to 3.662),1.483 (0.554 to 3.730),1.644 (0.559 to 3.764),1.269 (0.551 to 3.078),1.325 (0.549 to 3.353),1.729 (0.559 to 4.028),1.991 (0.559 to 4.941),2.164 (0.558 to 5.634),1.587 (0.558 to 3.771),NA,1.657 (0.559 to 3.914),1.338 (0.550 to 3.381),1.812 (0.559 to 4.203),1.711 (0.559 to 4.049),1.834 (0.559 to 4.339),1.599 (0.557 to 3.979),1.449 (0.556 to 3.567),-0.065 (-2.354 to 0.886),1.717 (0.559 to 3.899),1.669 (0.555 to 4.379),2.001 (0.559 to 4.516),1.472 (0.549 to 3.887),1.411 (0.544 to 3.767),2.023 (0.559 to 4.487),0.563 (-0.869 to 1.915),1.578 (0.558 to 3.744),1.383 (0.540 to 3.705),1.904 (0.559 to 4.680),1.644 (0.557 to 4.176),1.959 (0.559 to 4.786),1.736 (0.559 to 3.919),1.764 (0.559 to 3.971),1.761 (0.559 to 4.066),1.774 (0.559 to 4.091),1.936 (0.559 to 4.495),1.747 (0.559 to 4.097),1.869 (0.559 to 4.603),1.885 (0.559 to 4.310),1.722 (0.559 to 3.887),1.839 (0.559 to 4.157),2.461 (0.559 to 5.440),1.635 (0.558 to 4.003),1.221 (0.216 to 3.467)
Exercise individual,0.166 (-1.015 to 0.661),-0.210 (-1.765 to 0.653),0.461 (-0.396 to 1.032),0.973 (0.211 to 2.464),1.014 (0.385 to 2.457),1.197 (0.554 to 2.732),0.334 (-1.045 to 1.168),0.198 (-0.958 to 0.665),0.128 (-1.391 to 0.707),0.289 (-0.661 to 0.671),-0.086 (-1.517 to 0.653),-0.030 (-1.628 to 0.657),0.374 (-0.617 to 0.911),0.636 (-0.623 to 1.960),0.809 (-0.673 to 2.716),0.232 (-0.909 to 0.676),-1.053 (-3.914 to 0.653),NA,-0.017 (-1.526 to 0.656),0.457 (-0.492 to 1.113),0.356 (-0.763 to 0.975),0.479 (-0.587 to 1.301),0.244 (-1.209 to 0.972),0.094 (-1.350 to 0.665),-1.420 (-4.767 to 0.653),0.362 (-0.529 to 0.769),0.314 (-1.325 to 1.374),0.646 (0.066 to 1.312),0.117 (-1.640 to 0.909),0.056 (-1.768 to 0.781),0.668 (0.120 to 1.341),-0.792 (-3.256 to 0.653),0.223 (-0.959 to 0.681),0.028 (-1.779 to 0.697),0.549 (-0.694 to 1.679),0.289 (-1.242 to 1.190),0.604 (-0.609 to 1.812),0.381 (-0.461 to 0.777),0.409 (-0.392 to 0.824),0.406 (-0.528 to 0.949),0.419 (-0.499 to 0.970),0.581 (-0.329 to 1.446),0.392 (-0.644 to 1.005),0.514 (-0.756 to 1.600),0.530 (-0.274 to 1.186),0.367 (-0.488 to 0.746),0.484 (-0.308 to 1.040),1.106 (0.557 to 2.316),0.280 (-1.067 to 0.982),-0.134 (-2.237 to 0.667)
Exercise individual + AD,0.486 (-0.528 to 1.255),0.110 (-1.284 to 0.664),0.780 (0.158 to 1.747),1.292 (0.550 to 3.198),1.333 (0.555 to 3.211),1.516 (0.558 to 3.483),0.653 (-0.508 to 1.898),0.517 (-0.461 to 1.317),0.447 (-0.819 to 1.393),0.608 (-0.184 to 1.405),0.234 (-1.011 to 0.743),0.289 (-1.103 to 1.050),0.694 (-0.123 to 1.694),0.956 (-0.049 to 2.671),1.128 (-0.081 to 3.398),0.551 (-0.462 to 1.456),-0.733 (-3.381 to 0.653),0.622 (-0.246 to 1.526),NA,0.776 (0.022 to 1.869),0.675 (-0.220 to 1.712),0.799 (-0.047 to 2.034),0.564 (-0.670 to 1.717),0.414 (-0.832 to 1.280),-1.100 (-4.224 to 0.653),0.682 (-0.063 to 1.577),0.633 (-0.784 to 2.108),0.966 (0.513 to 2.136),0.436 (-1.053 to 1.594),0.376 (-1.175 to 1.467),0.987 (0.540 to 2.161),-0.472 (-2.722 to 0.653),0.543 (-0.463 to 1.423),0.347 (-1.241 to 1.430),0.868 (-0.119 to 2.388),0.609 (-0.696 to 1.927),0.924 (-0.060 to 2.542),0.701 (0.002 to 1.593),0.729 (0.062 to 1.639),0.726 (-0.046 to 1.735),0.738 (-0.009 to 1.754),0.901 (0.183 to 2.210),0.712 (-0.136 to 1.768),0.833 (-0.178 to 2.310),0.849 (0.214 to 1.973),0.687 (-0.024 to 1.560),0.804 (0.161 to 1.836),1.426 (0.559 to 3.106),0.599 (-0.535 to 1.726),0.186 (-1.638 to 1.170)
Interpersonal psychotherapy (IPT) individual,0.012 (-1.290 to 0.654),-0.364 (-2.041 to 0.653),0.306 (-0.574 to 0.667),0.818 (-0.060 to 2.117),0.859 (0.096 to 2.126),1.042 (0.539 to 2.379),0.179 (-1.319 to 0.823),0.043 (-1.226 to 0.654),-0.027 (-1.620 to 0.657),0.134 (-0.896 to 0.654),-0.240 (-1.775 to 0.653),-0.185 (-1.900 to 0.654),0.220 (-0.901 to 0.667),0.482 (-0.886 to 1.604),0.654 (-0.947 to 2.362),0.077 (-1.262 to 0.658),-1.207 (-4.203 to 0.653),0.148 (-1.113 to 0.662),-0.172 (-1.869 to 0.654),NA,0.201 (-0.933 to 0.664),0.325 (-0.756 to 0.848),0.090 (-1.496 to 0.683),-0.060 (-1.633 to 0.655),-1.574 (-5.083 to 0.653),0.208 (-0.794 to 0.657),0.159 (-1.656 to 1.079),0.492 (-0.272 to 1.029),-0.038 (-1.889 to 0.669),-0.098 (-2.005 to 0.663),0.513 (-0.147 to 0.988),-0.946 (-3.534 to 0.653),0.069 (-1.241 to 0.656),-0.127 (-2.098 to 0.662),0.394 (-0.922 to 1.292),0.135 (-1.523 to 0.852),0.450 (-0.886 to 1.475),0.227 (-0.725 to 0.657),0.255 (-0.659 to 0.658),0.252 (-0.804 to 0.671),0.264 (-0.771 to 0.673),0.427 (-0.599 to 1.106),0.238 (-0.909 to 0.681),0.359 (-0.996 to 1.225),0.375 (-0.547 to 0.836),0.213 (-0.744 to 0.656),0.330 (-0.582 to 0.699),0.952 (0.548 to 1.965),0.125 (-1.348 to 0.681),-0.288 (-2.480 to 0.656)
Interpersonal psychotherapy (IPT) individual + AD,0.113 (-1.168 to 0.658),-0.263 (-1.915 to 0.653),0.407 (-0.413 to 0.835),0.919 (0.098 to 2.374),0.960 (0.240 to 2.385),1.143 (0.550 to 2.646),0.280 (-1.160 to 1.074),0.144 (-1.102 to 0.660),0.074 (-1.446 to 0.667),0.235 (-0.797 to 0.663),-0.139 (-1.644 to 0.653),-0.084 (-1.750 to 0.656),0.321 (-0.771 to 0.847),0.583 (-0.711 to 1.839),0.755 (-0.765 to 2.592),0.178 (-1.127 to 0.679),-1.106 (-4.049 to 0.653),0.249 (-0.975 to 0.763),-0.071 (-1.712 to 0.656),0.403 (-0.526 to 0.933),NA,0.426 (-0.588 to 1.083),0.191 (-1.340 to 0.891),0.041 (-1.484 to 0.661),-1.473 (-4.924 to 0.653),0.309 (-0.674 to 0.704),0.260 (-1.493 to 1.321),0.593 (-0.155 to 1.314),0.063 (-1.707 to 0.760),0.003 (-1.821 to 0.682),0.614 (-0.033 to 1.278),-0.845 (-3.396 to 0.653),0.170 (-1.110 to 0.669),-0.026 (-1.942 to 0.684),0.495 (-0.606 to 1.375),0.236 (-1.370 to 1.094),0.551 (-0.726 to 1.718),0.328 (-0.600 to 0.708),0.356 (-0.545 to 0.760),0.353 (-0.675 to 0.882),0.365 (-0.649 to 0.898),0.528 (-0.470 to 1.366),0.338 (-0.773 to 0.928),0.460 (-0.830 to 1.461),0.476 (-0.414 to 1.116),0.314 (-0.628 to 0.690),0.431 (-0.451 to 0.971),1.053 (0.554 to 2.245),0.226 (-1.201 to 0.894),-0.187 (-2.296 to 0.661)
Interpersonal psychotherapy (IPT) individual + placebo,-0.011 (-1.485 to 0.656),-0.387 (-2.228 to 0.653),0.284 (-0.795 to 0.719),0.796 (-0.205 to 2.179),0.837 (-0.067 to 2.195),1.019 (0.405 to 2.466),0.157 (-1.470 to 0.889),0.020 (-1.427 to 0.657),-0.049 (-1.785 to 0.660),0.112 (-1.138 to 0.657),-0.263 (-1.974 to 0.653),-0.207 (-2.066 to 0.655),0.197 (-1.098 to 0.695),0.459 (-1.018 to 1.645),0.632 (-1.055 to 2.392),0.055 (-1.447 to 0.662),-1.230 (-4.339 to 0.653),0.125 (-1.301 to 0.672),-0.194 (-2.034 to 0.655),0.280 (-0.848 to 0.756),0.179 (-1.083 to 0.670),NA,0.067 (-1.650 to 0.710),-0.083 (-1.800 to 0.657),-1.597 (-5.225 to 0.653),0.185 (-1.009 to 0.665),0.137 (-1.784 to 1.122),0.469 (-0.486 to 1.157),-0.060 (-2.019 to 0.674),-0.121 (-2.156 to 0.665),0.490 (-0.366 to 1.117),-0.969 (-3.698 to 0.653),0.046 (-1.435 to 0.659),-0.149 (-2.241 to 0.665),0.371 (-1.054 to 1.335),0.112 (-1.661 to 0.901),0.427 (-1.027 to 1.517),0.204 (-0.943 to 0.666),0.232 (-0.881 to 0.671),0.229 (-1.005 to 0.719),0.241 (-0.971 to 0.730),0.404 (-0.786 to 1.189),0.215 (-1.100 to 0.753),0.336 (-1.148 to 1.289),0.352 (-0.746 to 0.949),0.190 (-0.960 to 0.663),0.307 (-0.787 to 0.811),0.929 (0.421 to 2.079),0.103 (-1.502 to 0.711),-0.311 (-2.610 to 0.657)
Light therapy,0.224 (-1.173 to 0.861),-0.152 (-1.920 to 0.655),0.519 (-0.576 to 1.445),1.031 (0.129 to 2.794),1.072 (0.277 to 2.806),1.254 (0.549 to 3.093),0.392 (-1.125 to 1.481),0.256 (-1.139 to 0.946),0.186 (-1.499 to 1.033),0.347 (-0.860 to 1.048),-0.028 (-1.680 to 0.659),0.028 (-1.739 to 0.684),0.432 (-0.787 to 1.312),0.694 (-0.675 to 2.257),0.867 (-0.685 to 2.967),0.290 (-1.123 to 1.075),-0.995 (-3.979 to 0.653),0.360 (-0.972 to 1.209),0.041 (-1.717 to 0.691),0.515 (-0.649 to 1.496),0.414 (-0.891 to 1.340),0.537 (-0.708 to 1.650),NA,0.152 (-1.299 to 0.707),-1.362 (-4.852 to 0.653),0.420 (-0.707 to 1.178),0.372 (-1.422 to 1.700),0.704 (-0.195 to 1.795),0.175 (-1.720 to 1.214),0.114 (-1.837 to 1.090),0.726 (-0.067 to 1.761),-0.734 (-3.364 to 0.653),0.281 (-1.118 to 1.032),0.086 (-1.890 to 1.023),0.607 (-0.777 to 2.000),0.347 (-1.309 to 1.482),0.662 (-0.674 to 2.113),0.439 (-0.645 to 1.193),0.467 (-0.583 to 1.244),0.464 (-0.708 to 1.352),0.476 (-0.675 to 1.382),0.639 (-0.452 to 1.797),0.450 (-0.791 to 1.385),0.571 (-0.834 to 1.919),0.587 (-0.458 to 1.602),0.425 (-0.679 to 1.165),0.542 (-0.477 to 1.443),1.164 (0.550 to 2.731),0.338 (-1.175 to 1.313),-0.076 (-2.300 to 0.768)
Light therapy + AD,0.374 (-0.704 to 0.986),-0.002 (-1.446 to 0.655),0.669 (-0.103 to 1.568),1.181 (0.532 to 2.966),1.222 (0.549 to 2.958),1.405 (0.558 to 3.248),0.542 (-0.698 to 1.655),0.406 (-0.668 to 1.078),0.336 (-1.077 to 1.206),0.497 (-0.378 to 1.159),0.122 (-1.206 to 0.663),0.178 (-1.287 to 0.801),0.583 (-0.327 to 1.456),0.844 (-0.262 to 2.433),1.017 (-0.295 to 3.174),0.440 (-0.674 to 1.217),-0.845 (-3.567 to 0.653),0.510 (-0.514 to 1.350),0.191 (-1.280 to 0.832),0.665 (-0.187 to 1.633),0.564 (-0.435 to 1.484),0.688 (-0.262 to 1.800),0.452 (-0.704 to 1.299),NA,-1.212 (-4.450 to 0.653),0.571 (-0.216 to 1.286),0.522 (-1.014 to 1.901),0.854 (0.290 to 1.922),0.325 (-1.299 to 1.396),0.264 (-1.426 to 1.272),0.876 (0.429 to 1.862),-0.584 (-2.923 to 0.653),0.431 (-0.652 to 1.169),0.236 (-1.480 to 1.204),0.757 (-0.358 to 2.161),0.497 (-0.881 to 1.662),0.812 (-0.251 to 2.289),0.589 (-0.140 to 1.289),0.618 (-0.090 to 1.347),0.614 (-0.235 to 1.485),0.627 (-0.210 to 1.506),0.789 (-0.002 to 1.950),0.600 (-0.330 to 1.526),0.722 (-0.420 to 2.089),0.738 (0.009 to 1.735),0.575 (-0.180 to 1.270),0.692 (0.005 to 1.552),1.314 (0.559 to 2.849),0.488 (-0.738 to 1.465),0.074 (-1.878 to 0.972)
Mindfulness or meditation group,1.888 (0.559 to 4.477),1.512 (0.556 to 3.725),2.183 (0.559 to 5.039),2.695 (0.559 to 6.320),2.736 (0.559 to 6.334),2.919 (0.559 to 6.646),2.056 (0.559 to 5.050),1.920 (0.559 to 4.520),1.850 (0.558 to 4.583),2.011 (0.559 to 4.640),1.636 (0.558 to 3.962),1.692 (0.558 to 4.222),2.097 (0.559 to 4.876),2.358 (0.559 to 5.778),2.531 (0.559 to 6.462),1.954 (0.559 to 4.634),0.669 (-0.886 to 2.354),2.024 (0.559 to 4.767),1.705 (0.558 to 4.224),2.179 (0.559 to 5.083),2.078 (0.559 to 4.924),2.202 (0.559 to 5.225),1.967 (0.559 to 4.852),1.816 (0.558 to 4.450),NA,2.085 (0.559 to 4.817),2.036 (0.559 to 5.130),2.368 (0.559 to 5.293),1.839 (0.557 to 4.731),1.779 (0.557 to 4.618),2.390 (0.559 to 5.405),0.930 (-0.248 to 2.768),1.945 (0.559 to 4.603),1.750 (0.557 to 4.469),2.271 (0.559 to 5.533),2.011 (0.559 to 5.037),2.326 (0.559 to 5.661),2.103 (0.559 to 4.840),2.132 (0.559 to 4.891),2.128 (0.559 to 4.923),2.141 (0.559 to 4.947),2.303 (0.559 to 5.381),2.114 (0.559 to 4.964),2.236 (0.559 to 5.465),2.252 (0.559 to 5.180),2.089 (0.559 to 4.808),2.206 (0.559 to 5.074),2.828 (0.559 to 6.315),2.002 (0.559 to 4.870),1.588 (0.549 to 4.298)
Mirtazapine,0.106 (-0.893 to 0.653),-0.270 (-1.635 to 0.653),0.400 (-0.295 to 0.694),0.913 (0.223 to 2.214),0.954 (0.401 to 2.198),1.136 (0.556 to 2.457),0.274 (-1.006 to 0.905),0.137 (-0.883 to 0.654),0.068 (-1.386 to 0.661),0.229 (-0.506 to 0.653),-0.146 (-1.407 to 0.653),-0.090 (-1.586 to 0.654),0.314 (-0.551 to 0.669),0.576 (-0.618 to 1.724),0.749 (-0.703 to 2.498),0.172 (-0.926 to 0.657),-1.113 (-3.899 to 0.653),0.242 (-0.769 to 0.662),-0.077 (-1.577 to 0.654),0.397 (-0.416 to 0.794),0.296 (-0.701 to 0.689),0.419 (-0.536 to 1.009),0.184 (-1.178 to 0.711),0.034 (-1.286 to 0.655),-1.480 (-4.817 to 0.653),NA,0.254 (-1.385 to 1.191),0.586 (0.107 to 1.029),0.057 (-1.659 to 0.696),-0.004 (-1.782 to 0.670),0.607 (0.370 to 0.851),-0.852 (-3.244 to 0.653),0.163 (-0.895 to 0.655),-0.032 (-1.828 to 0.666),0.488 (-0.702 to 1.444),0.229 (-1.217 to 0.931),0.544 (-0.589 to 1.550),0.321 (-0.222 to 0.653),0.349 (-0.142 to 0.653),0.346 (-0.448 to 0.672),0.358 (-0.417 to 0.676),0.521 (-0.261 to 1.134),0.332 (-0.572 to 0.699),0.453 (-0.748 to 1.352),0.469 (-0.192 to 0.862),0.307 (-0.237 to 0.653),0.424 (-0.121 to 0.666),1.046 (0.559 to 1.966),0.220 (-1.041 to 0.707),-0.194 (-2.257 to 0.659)
Music therapy group,0.155 (-1.639 to 1.042),-0.222 (-2.387 to 0.660),0.449 (-1.019 to 1.608),0.961 (-0.240 to 2.876),1.002 (-0.101 to 2.900),1.185 (0.327 to 3.211),0.322 (-1.537 to 1.608),0.186 (-1.547 to 1.095),0.116 (-1.878 to 1.154),0.277 (-1.311 to 1.212),-0.097 (-2.122 to 0.670),-0.042 (-2.154 to 0.775),0.363 (-1.193 to 1.444),0.625 (-1.049 to 2.341),0.797 (-1.030 to 3.007),0.220 (-1.525 to 1.197),-1.064 (-4.379 to 0.653),0.291 (-1.374 to 1.325),-0.029 (-2.108 to 0.784),0.445 (-1.079 to 1.656),0.344 (-1.321 to 1.493),0.468 (-1.122 to 1.784),0.233 (-1.700 to 1.422),0.082 (-1.901 to 1.014),-1.432 (-5.130 to 0.653),0.351 (-1.191 to 1.385),NA,0.635 (-0.533 to 1.868),0.105 (-2.092 to 1.296),0.045 (-2.191 to 1.180),0.656 (-0.560 to 1.978),-0.804 (-3.736 to 0.653),0.211 (-1.532 to 1.176),0.016 (-2.174 to 1.024),0.537 (-1.154 to 2.103),0.277 (-1.692 to 1.593),0.592 (-1.067 to 2.230),0.370 (-1.140 to 1.409),0.398 (-1.077 to 1.458),0.394 (-1.122 to 1.492),0.407 (-1.093 to 1.521),0.569 (-0.887 to 1.951),0.380 (-1.208 to 1.529),0.502 (-1.215 to 2.015),0.518 (-0.881 to 1.754),0.356 (-1.165 to 1.378),0.472 (-0.958 to 1.644),1.094 (0.282 to 2.878),0.268 (-1.564 to 1.434),-0.146 (-2.658 to 0.862)
No treatment,-0.178 (-1.541 to 0.653),-0.554 (-2.301 to 0.653),0.117 (-0.903 to 0.653),0.629 (-0.356 to 1.661),0.670 (-0.162 to 1.634),0.852 (0.291 to 1.900),-0.010 (-1.628 to 0.660),-0.146 (-1.452 to 0.653),-0.216 (-1.971 to 0.654),-0.055 (-1.104 to 0.653),-0.430 (-2.034 to 0.653),-0.374 (-2.190 to 0.653),0.030 (-1.096 to 0.653),0.292 (-1.220 to 1.182),0.465 (-1.289 to 1.961),-0.112 (-1.472 to 0.653),-1.397 (-4.516 to 0.653),-0.042 (-1.312 to 0.653),-0.361 (-2.136 to 0.653),0.113 (-1.029 to 0.655),0.012 (-1.314 to 0.654),0.135 (-1.157 to 0.662),-0.100 (-1.795 to 0.656),-0.250 (-1.922 to 0.653),-1.764 (-5.293 to 0.653),0.018 (-1.029 to 0.653),-0.030 (-1.868 to 0.669),NA,-0.227 (-2.248 to 0.656),-0.288 (-2.358 to 0.655),0.324 (-0.365 to 0.655),-1.136 (-3.815 to 0.653),-0.121 (-1.477 to 0.653),-0.316 (-2.298 to 0.654),0.205 (-1.292 to 0.903),-0.055 (-1.836 to 0.662),0.260 (-1.209 to 1.026),0.037 (-0.947 to 0.653),0.065 (-0.875 to 0.653),0.062 (-1.006 to 0.653),0.074 (-0.975 to 0.653),0.237 (-0.879 to 0.673),0.048 (-1.164 to 0.654),0.169 (-1.339 to 0.813),0.185 (-0.781 to 0.655),0.023 (-0.966 to 0.653),0.140 (-0.825 to 0.653),0.762 (0.431 to 1.410),-0.064 (-1.632 to 0.655),-0.478 (-2.836 to 0.654)
Peer support group,0.352 (-1.129 to 1.326),-0.025 (-1.878 to 0.673),0.646 (-0.374 to 1.751),1.158 (0.229 to 3.174),1.199 (0.365 to 3.211),1.382 (0.551 to 3.486),0.519 (-1.023 to 1.882),0.383 (-1.053 to 1.369),0.313 (-1.287 to 1.328),0.474 (-0.798 to 1.486),0.100 (-1.605 to 0.789),0.155 (-1.656 to 1.058),0.560 (-0.727 to 1.749),0.822 (-0.520 to 2.594),0.994 (-0.521 to 3.286),0.417 (-1.051 to 1.509),-0.867 (-3.887 to 0.653),0.488 (-0.909 to 1.640),0.168 (-1.594 to 1.053),0.642 (-0.533 to 1.889),0.541 (-0.760 to 1.707),0.665 (-0.582 to 2.019),0.430 (-1.214 to 1.720),0.280 (-1.396 to 1.299),-1.234 (-4.731 to 0.653),0.548 (-0.683 to 1.659),0.499 (-1.296 to 2.092),0.832 (-0.129 to 2.248),NA,0.242 (-1.184 to 0.941),0.853 (-0.054 to 2.250),-0.606 (-3.257 to 0.654),0.409 (-1.049 to 1.469),0.213 (-1.764 to 1.414),0.734 (-0.597 to 2.317),0.474 (-1.212 to 1.896),0.790 (-0.565 to 2.499),0.567 (-0.626 to 1.681),0.595 (-0.566 to 1.734),0.591 (-0.640 to 1.785),0.604 (-0.612 to 1.811),0.767 (-0.389 to 2.238),0.577 (-0.717 to 1.815),0.699 (-0.654 to 2.233),0.715 (-0.384 to 2.023),0.553 (-0.652 to 1.653),0.670 (-0.448 to 1.925),1.291 (0.551 to 3.172),0.465 (-1.090 to 1.723),0.051 (-2.070 to 1.066)
Peer support group + AD,0.412 (-1.007 to 1.447),0.036 (-1.755 to 0.698),0.707 (-0.246 to 1.867),1.219 (0.368 to 3.293),1.260 (0.492 to 3.328),1.442 (0.554 to 3.604),0.580 (-0.898 to 1.997),0.444 (-0.919 to 1.481),0.374 (-1.161 to 1.447),0.535 (-0.672 to 1.602),0.160 (-1.476 to 0.903),0.216 (-1.521 to 1.170),0.620 (-0.592 to 1.861),0.882 (-0.386 to 2.710),1.055 (-0.400 to 3.406),0.478 (-0.932 to 1.636),-0.807 (-3.767 to 0.653),0.548 (-0.781 to 1.768),0.229 (-1.467 to 1.175),0.703 (-0.403 to 2.005),0.602 (-0.634 to 1.821),0.725 (-0.446 to 2.156),0.490 (-1.090 to 1.837),0.340 (-1.272 to 1.426),-1.174 (-4.618 to 0.653),0.608 (-0.554 to 1.782),0.560 (-1.180 to 2.191),0.892 (0.001 to 2.358),0.363 (-0.941 to 1.184),NA,0.914 (0.076 to 2.372),-0.546 (-3.132 to 0.654),0.469 (-0.924 to 1.588),0.274 (-1.632 to 1.524),0.795 (-0.470 to 2.433),0.535 (-1.081 to 2.016),0.850 (-0.439 to 2.628),0.627 (-0.503 to 1.796),0.655 (-0.440 to 1.852),0.652 (-0.511 to 1.911),0.664 (-0.478 to 1.923),0.827 (-0.268 to 2.359),0.638 (-0.595 to 1.925),0.759 (-0.518 to 2.350),0.775 (-0.245 to 2.139),0.613 (-0.525 to 1.771),0.730 (-0.324 to 2.034),1.352 (0.554 to 3.283),0.526 (-0.965 to 1.849),0.112 (-1.951 to 1.178)
Placebo,-0.199 (-1.455 to 0.653),-0.575 (-2.198 to 0.653),0.095 (-0.860 to 0.653),0.607 (-0.360 to 1.578),0.648 (-0.184 to 1.567),0.831 (0.293 to 1.815),-0.031 (-1.601 to 0.656),-0.168 (-1.452 to 0.653),-0.238 (-1.973 to 0.653),-0.077 (-1.046 to 0.653),-0.451 (-1.974 to 0.653),-0.395 (-2.170 to 0.653),0.009 (-1.121 to 0.653),0.271 (-1.202 to 1.091),0.443 (-1.297 to 1.879),-0.134 (-1.500 to 0.653),-1.418 (-4.487 to 0.653),-0.063 (-1.341 to 0.653),-0.383 (-2.161 to 0.653),0.091 (-0.988 to 0.653),-0.010 (-1.278 to 0.653),0.114 (-1.117 to 0.657),-0.121 (-1.761 to 0.654),-0.271 (-1.862 to 0.653),-1.785 (-5.405 to 0.653),-0.003 (-0.851 to 0.653),-0.051 (-1.978 to 0.672),0.281 (-0.454 to 0.654),-0.249 (-2.250 to 0.655),-0.309 (-2.372 to 0.654),NA,-1.157 (-3.831 to 0.653),-0.142 (-1.466 to 0.653),-0.337 (-2.416 to 0.654),0.183 (-1.289 to 0.814),-0.076 (-1.807 to 0.658),0.239 (-1.172 to 0.917),0.016 (-0.713 to 0.653),0.044 (-0.617 to 0.653),0.041 (-1.012 to 0.653),0.053 (-0.980 to 0.653),0.216 (-0.840 to 0.660),0.027 (-1.145 to 0.653),0.148 (-1.341 to 0.727),0.164 (-0.757 to 0.653),0.002 (-0.737 to 0.653),0.119 (-0.675 to 0.653),0.741 (0.451 to 1.306),-0.086 (-1.622 to 0.654),-0.499 (-2.849 to 0.654)
Problem solving group,1.261 (0.556 to 2.885),0.884 (0.149 to 2.169),1.555 (0.559 to 3.473),2.067 (0.559 to 4.817),2.108 (0.559 to 4.791),2.291 (0.559 to 5.120),1.428 (0.555 to 3.538),1.292 (0.557 to 2.947),1.222 (0.540 to 3.078),1.383 (0.559 to 3.059),1.009 (0.430 to 2.400),1.064 (0.359 to 2.685),1.469 (0.559 to 3.323),1.730 (0.558 to 4.307),1.903 (0.557 to 5.024),1.326 (0.556 to 3.123),0.041 (-1.915 to 0.869),1.396 (0.557 to 3.256),1.077 (0.375 to 2.722),1.551 (0.559 to 3.534),1.450 (0.558 to 3.396),1.574 (0.559 to 3.698),1.339 (0.551 to 3.364),1.188 (0.543 to 2.923),-0.326 (-2.768 to 0.659),1.457 (0.559 to 3.244),1.408 (0.546 to 3.736),1.741 (0.559 to 3.815),1.211 (0.388 to 3.257),1.151 (0.255 to 3.132),1.762 (0.559 to 3.831),NA,1.317 (0.557 to 3.018),1.122 (0.212 to 3.061),1.643 (0.558 to 4.048),1.383 (0.550 to 3.552),1.698 (0.558 to 4.181),1.476 (0.559 to 3.262),1.504 (0.559 to 3.313),1.500 (0.559 to 3.299),1.513 (0.559 to 3.343),1.675 (0.559 to 3.819),1.486 (0.559 to 3.405),1.608 (0.557 to 3.956),1.624 (0.559 to 3.630),1.461 (0.559 to 3.231),1.578 (0.559 to 3.511),2.200 (0.559 to 4.598),1.374 (0.556 to 3.301),0.960 (-0.205 to 2.823)
Problem solving individual,0.246 (-0.813 to 0.669),-0.131 (-1.583 to 0.653),0.540 (-0.202 to 1.156),1.052 (0.409 to 2.587),1.093 (0.553 to 2.389),1.276 (0.558 to 2.857),0.413 (-0.865 to 1.307),0.277 (-0.754 to 0.680),0.207 (-1.216 to 0.829),0.368 (-0.439 to 0.705),-0.006 (-1.318 to 0.654),0.049 (-1.436 to 0.660),0.454 (-0.271 to 0.877),0.715 (-0.444 to 2.100),0.888 (-0.502 to 2.857),0.311 (-0.791 to 0.832),-0.974 (-3.744 to 0.653),0.381 (-0.647 to 0.959),0.062 (-1.423 to 0.662),0.536 (-0.307 to 1.241),0.435 (-0.577 to 1.110),0.559 (-0.399 to 1.435),0.324 (-1.032 to 1.118),0.173 (-1.169 to 0.683),-1.341 (-4.603 to 0.653),0.442 (-0.333 to 0.895),0.393 (-1.176 to 1.532),0.726 (0.221 to 1.477),0.196 (-1.469 to 1.049),0.136 (-1.588 to 0.924),0.747 (0.315 to 1.466),-0.713 (-3.018 to 0.653),NA,0.107 (-1.619 to 0.840),0.628 (-0.519 to 1.828),0.368 (-1.065 to 1.327),0.683 (-0.429 to 1.948),0.461 (-0.264 to 0.901),0.489 (-0.197 to 0.946),0.485 (-0.252 to 0.986),0.498 (-0.271 to 1.054),0.660 (-0.119 to 1.556),0.471 (-0.437 to 1.115),0.593 (-0.580 to 1.742),0.609 (-0.075 to 1.299),0.446 (-0.285 to 0.865),0.563 (-0.115 to 1.164),1.185 (0.559 to 2.350),0.359 (-0.865 to 1.082),-0.055 (-2.059 to 0.682)
Psychoeducation group,0.441 (-0.934 to 1.479),0.064 (-1.693 to 0.731),0.735 (-0.323 to 2.046),1.247 (0.424 to 3.352),1.288 (0.536 to 3.361),1.471 (0.555 to 3.670),0.608 (-0.851 to 2.079),0.472 (-0.862 to 1.533),0.402 (-1.214 to 1.615),0.563 (-0.610 to 1.648),0.189 (-1.430 to 0.971),0.244 (-1.470 to 1.237),0.649 (-0.504 to 1.885),0.911 (-0.399 to 2.818),1.083 (-0.387 to 3.504),0.506 (-0.836 to 1.650),-0.778 (-3.705 to 0.653),0.577 (-0.684 to 1.779),0.257 (-1.430 to 1.241),0.731 (-0.389 to 2.098),0.630 (-0.642 to 1.942),0.754 (-0.441 to 2.241),0.519 (-1.023 to 1.890),0.368 (-1.204 to 1.480),-1.146 (-4.469 to 0.653),0.637 (-0.488 to 1.828),0.588 (-1.024 to 2.174),0.921 (0.166 to 2.298),0.391 (-1.414 to 1.764),0.331 (-1.524 to 1.632),0.942 (0.143 to 2.416),-0.518 (-3.061 to 0.654),0.497 (-0.840 to 1.619),NA,0.823 (-0.486 to 2.568),0.563 (-1.019 to 2.061),0.878 (-0.384 to 2.681),0.656 (-0.436 to 1.848),0.684 (-0.377 to 1.897),0.680 (-0.430 to 1.943),0.693 (-0.404 to 1.954),0.855 (-0.199 to 2.402),0.666 (-0.524 to 1.975),0.788 (-0.550 to 2.491),0.804 (-0.198 to 2.190),0.642 (-0.465 to 1.818),0.758 (-0.262 to 2.088),1.380 (0.556 to 3.320),0.554 (-0.888 to 1.890),0.140 (-1.982 to 1.324)
Psychoeducation group + AD,-0.080 (-1.900 to 0.660),-0.456 (-2.657 to 0.653),0.214 (-1.167 to 0.819),0.726 (-0.539 to 2.247),0.767 (-0.419 to 2.262),0.950 (0.031 to 2.560),0.088 (-1.814 to 0.959),-0.049 (-1.821 to 0.662),-0.119 (-2.088 to 0.662),0.042 (-1.567 to 0.667),-0.332 (-2.382 to 0.654),-0.276 (-2.432 to 0.656),0.128 (-1.494 to 0.790),0.390 (-1.332 to 1.679),0.562 (-1.334 to 2.387),-0.015 (-1.830 to 0.672),-1.299 (-4.680 to 0.653),0.056 (-1.679 to 0.702),-0.264 (-2.388 to 0.656),0.210 (-1.292 to 0.922),0.109 (-1.375 to 0.675),0.233 (-1.335 to 1.054),-0.002 (-2.000 to 0.777),-0.152 (-2.161 to 0.661),-1.666 (-5.533 to 0.653),0.116 (-1.444 to 0.707),0.068 (-2.103 to 1.154),0.400 (-0.903 to 1.292),-0.130 (-2.317 to 0.678),-0.190 (-2.433 to 0.667),0.421 (-0.814 to 1.289),-1.038 (-4.048 to 0.653),-0.023 (-1.828 to 0.668),-0.218 (-2.568 to 0.668),NA,0.043 (-1.993 to 0.964),0.358 (-1.356 to 1.589),0.135 (-1.391 to 0.721),0.163 (-1.331 to 0.768),0.160 (-1.409 to 0.841),0.172 (-1.383 to 0.867),0.335 (-1.162 to 1.294),0.146 (-1.493 to 0.868),0.267 (-1.461 to 1.323),0.283 (-1.153 to 1.074),0.121 (-1.416 to 0.698),0.238 (-1.217 to 0.959),0.860 (0.015 to 2.212),0.033 (-1.867 to 0.796),-0.380 (-2.886 to 0.658)
Relaxation individual + AD,0.180 (-1.393 to 0.895),-0.197 (-2.140 to 0.656),0.474 (-0.788 to 1.470),0.986 (-0.059 to 2.784),1.027 (0.093 to 2.811),1.210 (0.520 to 3.095),0.347 (-1.083 to 1.265),0.211 (-1.344 to 0.979),0.141 (-1.684 to 1.047),0.302 (-1.084 to 1.079),-0.072 (-1.894 to 0.661),-0.017 (-1.940 to 0.689),0.388 (-0.998 to 1.346),0.649 (-0.731 to 2.114),0.822 (-0.748 to 2.844),0.245 (-1.341 to 1.106),-1.040 (-4.176 to 0.653),0.315 (-1.190 to 1.242),-0.004 (-1.927 to 0.702),0.470 (-0.852 to 1.523),0.369 (-1.094 to 1.370),0.493 (-0.901 to 1.661),0.258 (-1.482 to 1.309),0.107 (-1.662 to 0.881),-1.407 (-5.037 to 0.653),0.376 (-0.931 to 1.217),0.327 (-1.593 to 1.692),0.660 (-0.412 to 1.836),0.130 (-1.896 to 1.212),0.070 (-2.016 to 1.081),0.681 (-0.300 to 1.807),-0.779 (-3.552 to 0.653),0.236 (-1.327 to 1.065),0.041 (-2.061 to 1.019),0.562 (-0.964 to 1.993),NA,0.617 (-0.598 to 1.854),0.395 (-0.879 to 1.243),0.423 (-0.815 to 1.291),0.419 (-0.926 to 1.391),0.432 (-0.890 to 1.411),0.594 (-0.663 to 1.821),0.405 (-1.000 to 1.407),0.527 (-0.964 to 1.855),0.543 (-0.669 to 1.632),0.380 (-0.898 to 1.205),0.497 (-0.706 to 1.484),1.119 (0.501 to 2.762),0.293 (-1.366 to 1.328),-0.121 (-2.461 to 0.763)
Relaxation individual + placebo,-0.135 (-2.016 to 0.658),-0.512 (-2.764 to 0.653),0.159 (-1.400 to 0.835),0.671 (-0.686 to 2.157),0.712 (-0.538 to 2.180),0.895 (-0.100 to 2.466),0.032 (-1.699 to 0.680),-0.104 (-1.965 to 0.660),-0.174 (-2.304 to 0.664),-0.013 (-1.701 to 0.663),-0.388 (-2.511 to 0.654),-0.332 (-2.562 to 0.655),0.073 (-1.630 to 0.720),0.334 (-1.350 to 1.488),0.507 (-1.385 to 2.198),-0.070 (-1.958 to 0.665),-1.355 (-4.786 to 0.653),0.000 (-1.812 to 0.677),-0.319 (-2.542 to 0.656),0.155 (-1.475 to 0.886),0.054 (-1.718 to 0.726),0.178 (-1.517 to 1.027),-0.057 (-2.113 to 0.694),-0.208 (-2.289 to 0.658),-1.722 (-5.661 to 0.653),0.061 (-1.550 to 0.673),0.012 (-2.230 to 1.067),0.345 (-1.026 to 1.209),-0.185 (-2.499 to 0.674),-0.245 (-2.628 to 0.667),0.366 (-0.917 to 1.172),-1.094 (-4.181 to 0.653),-0.079 (-1.948 to 0.663),-0.274 (-2.681 to 0.664),0.247 (-1.589 to 1.356),-0.013 (-1.854 to 0.677),NA,0.080 (-1.501 to 0.676),0.108 (-1.436 to 0.686),0.104 (-1.546 to 0.758),0.117 (-1.510 to 0.779),0.279 (-1.291 to 1.194),0.090 (-1.609 to 0.784),0.212 (-1.578 to 1.210),0.228 (-1.289 to 0.999),0.065 (-1.516 to 0.671),0.182 (-1.326 to 0.849),0.804 (-0.114 to 2.136),-0.022 (-1.986 to 0.704),-0.436 (-3.103 to 0.658)
SNRIs,0.087 (-0.893 to 0.653),-0.289 (-1.633 to 0.653),0.382 (-0.295 to 0.668),0.894 (0.209 to 2.155),0.935 (0.383 to 2.143),1.117 (0.556 to 2.395),0.255 (-1.035 to 0.850),0.119 (-0.887 to 0.653),0.049 (-1.399 to 0.659),0.210 (-0.487 to 0.653),-0.165 (-1.411 to 0.653),-0.109 (-1.603 to 0.653),0.295 (-0.558 to 0.661),0.557 (-0.640 to 1.667),0.730 (-0.720 to 2.454),0.153 (-0.936 to 0.655),-1.132 (-3.919 to 0.653),0.223 (-0.777 to 0.658),-0.096 (-1.593 to 0.654),0.378 (-0.423 to 0.726),0.277 (-0.705 to 0.670),0.400 (-0.549 to 0.943),0.165 (-1.193 to 0.681),0.015 (-1.289 to 0.654),-1.499 (-4.840 to 0.653),0.283 (-0.298 to 0.653),0.235 (-1.409 to 1.140),0.567 (0.110 to 0.947),0.038 (-1.681 to 0.680),-0.023 (-1.796 to 0.666),0.589 (0.432 to 0.714),-0.871 (-3.262 to 0.653),0.144 (-0.901 to 0.654),-0.051 (-1.848 to 0.663),0.470 (-0.719 to 1.391),0.210 (-1.243 to 0.879),0.525 (-0.609 to 1.501),NA,0.330 (-0.081 to 0.653),0.327 (-0.451 to 0.662),0.339 (-0.418 to 0.663),0.502 (-0.272 to 1.069),0.313 (-0.581 to 0.673),0.434 (-0.772 to 1.300),0.450 (-0.191 to 0.784),0.288 (-0.197 to 0.653),0.405 (-0.112 to 0.657),1.027 (0.559 to 1.886),0.201 (-1.054 to 0.682),-0.213 (-2.282 to 0.657)
SSRIs,0.059 (-0.931 to 0.653),-0.317 (-1.668 to 0.653),0.354 (-0.338 to 0.660),0.866 (0.158 to 2.092),0.907 (0.335 to 2.079),1.089 (0.555 to 2.330),0.227 (-1.086 to 0.787),0.090 (-0.930 to 0.653),0.021 (-1.453 to 0.657),0.182 (-0.523 to 0.653),-0.193 (-1.450 to 0.653),-0.137 (-1.648 to 0.653),0.267 (-0.602 to 0.657),0.529 (-0.688 to 1.608),0.702 (-0.780 to 2.392),0.125 (-0.982 to 0.654),-1.160 (-3.971 to 0.653),0.195 (-0.824 to 0.656),-0.124 (-1.639 to 0.653),0.350 (-0.469 to 0.682),0.249 (-0.760 to 0.664),0.372 (-0.600 to 0.881),0.137 (-1.244 to 0.670),-0.013 (-1.347 to 0.654),-1.527 (-4.891 to 0.653),0.255 (-0.331 to 0.653),0.207 (-1.458 to 1.077),0.539 (0.071 to 0.875),0.010 (-1.734 to 0.672),-0.051 (-1.852 to 0.663),0.560 (0.416 to 0.657),-0.899 (-3.313 to 0.653),0.116 (-0.946 to 0.654),-0.079 (-1.897 to 0.660),0.442 (-0.768 to 1.331),0.182 (-1.291 to 0.815),0.497 (-0.660 to 1.436),0.274 (-0.195 to 0.653),NA,0.299 (-0.493 to 0.657),0.311 (-0.459 to 0.658),0.474 (-0.316 to 1.001),0.285 (-0.622 to 0.664),0.406 (-0.823 to 1.240),0.422 (-0.236 to 0.716),0.260 (-0.213 to 0.653),0.377 (-0.152 to 0.654),0.999 (0.559 to 1.814),0.173 (-1.103 to 0.670),-0.241 (-2.328 to 0.657)
Self-help,0.063 (-1.095 to 0.654),-0.314 (-1.883 to 0.653),0.357 (-0.480 to 0.705),0.869 (0.101 to 2.166),0.910 (0.398 to 2.043),1.093 (0.552 to 2.414),0.230 (-1.186 to 0.898),0.094 (-1.007 to 0.654),0.024 (-1.521 to 0.661),0.185 (-0.688 to 0.653),-0.189 (-1.608 to 0.653),-0.134 (-1.752 to 0.654),0.271 (-0.654 to 0.662),0.532 (-0.766 to 1.694),0.705 (-0.831 to 2.458),0.128 (-1.094 to 0.658),-1.156 (-4.066 to 0.653),0.199 (-0.949 to 0.664),-0.121 (-1.735 to 0.654),0.353 (-0.600 to 0.804),0.252 (-0.882 to 0.690),0.376 (-0.718 to 1.005),0.141 (-1.352 to 0.711),-0.010 (-1.485 to 0.656),-1.524 (-4.923 to 0.653),0.259 (-0.621 to 0.657),0.210 (-1.492 to 1.122),0.543 (-0.043 to 1.006),0.013 (-1.785 to 0.682),-0.047 (-1.911 to 0.667),0.564 (0.033 to 1.012),-0.896 (-3.299 to 0.653),0.119 (-0.986 to 0.654),-0.076 (-1.943 to 0.663),0.445 (-0.841 to 1.409),0.185 (-1.391 to 0.926),0.500 (-0.758 to 1.546),0.278 (-0.549 to 0.656),0.306 (-0.476 to 0.658),NA,0.315 (-0.506 to 0.663),0.477 (-0.409 to 1.114),0.288 (-0.725 to 0.687),0.410 (-0.901 to 1.325),0.426 (-0.362 to 0.855),0.264 (-0.565 to 0.655),0.380 (-0.409 to 0.726),1.002 (0.559 to 1.809),0.176 (-1.155 to 0.681),-0.238 (-2.386 to 0.658)
Self-help with support,0.050 (-1.122 to 0.653),-0.326 (-1.902 to 0.653),0.344 (-0.495 to 0.685),0.856 (0.095 to 2.126),0.898 (0.275 to 2.107),1.080 (0.552 to 2.376),0.218 (-1.208 to 0.868),0.081 (-1.035 to 0.653),0.011 (-1.550 to 0.660),0.173 (-0.692 to 0.653),-0.202 (-1.627 to 0.653),-0.146 (-1.770 to 0.654),0.258 (-0.712 to 0.663),0.520 (-0.788 to 1.664),0.692 (-0.854 to 2.425),0.115 (-1.119 to 0.657),-1.169 (-4.091 to 0.653),0.186 (-0.970 to 0.662),-0.134 (-1.754 to 0.654),0.340 (-0.617 to 0.771),0.239 (-0.898 to 0.682),0.363 (-0.729 to 0.971),0.128 (-1.382 to 0.692),-0.022 (-1.506 to 0.655),-1.536 (-4.947 to 0.653),0.246 (-0.643 to 0.656),0.198 (-1.521 to 1.093),0.530 (-0.060 to 0.975),0.000 (-1.811 to 0.679),-0.060 (-1.923 to 0.666),0.551 (0.014 to 0.980),-0.908 (-3.343 to 0.653),0.107 (-1.054 to 0.655),-0.088 (-1.954 to 0.662),0.432 (-0.867 to 1.383),0.173 (-1.411 to 0.890),0.488 (-0.779 to 1.510),0.265 (-0.566 to 0.656),0.293 (-0.497 to 0.657),0.290 (-0.556 to 0.659),NA,0.465 (-0.440 to 1.091),0.276 (-0.699 to 0.669),0.397 (-0.917 to 1.298),0.413 (-0.384 to 0.829),0.251 (-0.586 to 0.655),0.368 (-0.430 to 0.696),0.990 (0.559 to 1.823),0.163 (-1.179 to 0.678),-0.250 (-2.403 to 0.657)
Sham acupuncture,-0.112 (-1.367 to 0.653),-0.489 (-2.371 to 0.653),0.182 (-1.016 to 0.665),0.694 (-0.369 to 1.940),0.735 (-0.190 to 1.922),0.918 (0.247 to 2.217),0.055 (-1.638 to 0.684),-0.081 (-1.567 to 0.654),-0.151 (-2.004 to 0.656),0.010 (-1.273 to 0.654),-0.364 (-2.126 to 0.653),-0.309 (-2.228 to 0.653),0.096 (-1.228 to 0.659),0.357 (-1.201 to 1.434),0.530 (-1.242 to 2.176),-0.047 (-1.596 to 0.655),-1.332 (-4.495 to 0.653),0.023 (-1.446 to 0.657),-0.296 (-2.210 to 0.654),0.178 (-1.106 to 0.673),0.077 (-1.366 to 0.662),0.201 (-1.189 to 0.786),-0.034 (-1.797 to 0.663),-0.185 (-1.950 to 0.654),-1.699 (-5.381 to 0.653),0.084 (-1.134 to 0.655),0.035 (-1.951 to 0.887),0.368 (-0.613 to 0.879),-0.162 (-2.238 to 0.662),-0.222 (-2.359 to 0.659),0.389 (-0.490 to 0.840),-1.071 (-3.819 to 0.653),-0.056 (-1.556 to 0.654),-0.251 (-2.402 to 0.658),0.270 (-1.294 to 1.162),0.010 (-1.821 to 0.690),0.325 (-1.194 to 1.291),0.103 (-1.069 to 0.655),0.131 (-1.001 to 0.655),0.127 (-1.114 to 0.658),0.140 (-1.091 to 0.660),NA,0.113 (-1.238 to 0.663),0.235 (-1.354 to 1.077),0.251 (-0.898 to 0.696),0.088 (-1.090 to 0.654),0.205 (-0.917 to 0.664),0.827 (0.351 to 1.748),0.001 (-1.645 to 0.662),-0.413 (-2.824 to 0.656)
Short-term psychodynamic psychotherapies individual,0.077 (-1.171 to 0.655),-0.300 (-1.936 to 0.653),0.371 (-0.550 to 0.821),0.883 (0.245 to 2.075),0.924 (0.232 to 2.253),1.107 (0.553 to 2.436),0.244 (-1.216 to 0.983),0.108 (-1.119 to 0.656),0.038 (-1.560 to 0.665),0.199 (-0.769 to 0.655),-0.175 (-1.664 to 0.653),-0.120 (-1.786 to 0.654),0.285 (-0.779 to 0.708),0.546 (-0.785 to 1.768),0.719 (-0.848 to 2.529),0.142 (-1.156 to 0.664),-1.142 (-4.097 to 0.653),0.213 (-1.005 to 0.680),-0.107 (-1.768 to 0.655),0.367 (-0.650 to 0.909),0.266 (-0.928 to 0.773),0.390 (-0.753 to 1.100),0.155 (-1.385 to 0.791),0.004 (-1.526 to 0.658),-1.510 (-4.964 to 0.653),0.273 (-0.695 to 0.665),0.224 (-1.529 to 1.208),0.557 (-0.150 to 1.164),0.027 (-1.815 to 0.718),-0.033 (-1.925 to 0.675),0.578 (-0.046 to 1.145),-0.882 (-3.405 to 0.653),0.133 (-1.115 to 0.659),-0.062 (-1.975 to 0.668),0.459 (-0.868 to 1.493),0.199 (-1.407 to 1.000),0.514 (-0.784 to 1.609),0.292 (-0.625 to 0.666),0.320 (-0.557 to 0.672),0.316 (-0.669 to 0.726),0.329 (-0.595 to 0.703),0.491 (-0.481 to 1.238),NA,0.424 (-0.928 to 1.412),0.440 (-0.438 to 0.987),0.278 (-0.650 to 0.662),0.394 (-0.477 to 0.840),1.016 (0.555 to 2.080),0.190 (-1.228 to 0.770),-0.224 (-2.403 to 0.660)
Short-term psychodynamic psychotherapies individual + AD,-0.045 (-1.818 to 0.663),-0.421 (-2.563 to 0.653),0.249 (-1.082 to 0.871),0.762 (-0.476 to 2.309),0.803 (-0.332 to 2.325),0.985 (0.121 to 2.612),0.123 (-1.513 to 0.797),-0.014 (-1.744 to 0.665),-0.084 (-2.010 to 0.666),0.078 (-1.479 to 0.673),-0.297 (-2.296 to 0.654),-0.241 (-2.340 to 0.657),0.163 (-1.421 to 0.854),0.425 (-0.734 to 1.228),0.598 (-0.872 to 2.056),0.021 (-1.748 to 0.678),-1.264 (-4.603 to 0.653),0.091 (-1.600 to 0.756),-0.229 (-2.310 to 0.657),0.245 (-1.225 to 0.996),0.144 (-1.461 to 0.830),0.268 (-1.289 to 1.148),0.033 (-1.919 to 0.834),-0.117 (-2.089 to 0.663),-1.631 (-5.465 to 0.653),0.151 (-1.352 to 0.748),0.103 (-2.015 to 1.215),0.435 (-0.813 to 1.339),-0.094 (-2.233 to 0.687),-0.155 (-2.350 to 0.670),0.456 (-0.726 to 1.341),-1.003 (-3.956 to 0.653),0.012 (-1.742 to 0.673),-0.183 (-2.491 to 0.673),0.337 (-1.323 to 1.461),0.078 (-1.855 to 0.964),0.393 (-1.210 to 1.578),0.170 (-1.300 to 0.772),0.198 (-1.240 to 0.823),0.195 (-1.325 to 0.901),0.207 (-1.298 to 0.917),0.370 (-1.077 to 1.354),0.181 (-1.412 to 0.928),NA,0.318 (-1.065 to 1.129),0.156 (-1.325 to 0.739),0.273 (-1.132 to 1.006),0.895 (0.099 to 2.271),0.068 (-1.779 to 0.841),-0.345 (-2.818 to 0.659)
TAU,-0.061 (-1.366 to 0.653),-0.437 (-2.121 to 0.653),0.233 (-0.696 to 0.656),0.745 (-0.149 to 1.920),0.787 (0.022 to 1.914),0.969 (0.491 to 2.175),0.107 (-1.427 to 0.682),-0.030 (-1.266 to 0.653),-0.100 (-1.753 to 0.655),0.062 (-0.946 to 0.653),-0.313 (-1.830 to 0.653),-0.257 (-1.982 to 0.653),0.147 (-0.928 to 0.655),0.409 (-1.005 to 1.434),0.581 (-1.075 to 2.210),0.004 (-1.267 to 0.653),-1.280 (-4.310 to 0.653),0.075 (-1.186 to 0.655),-0.245 (-1.973 to 0.653),0.229 (-0.836 to 0.665),0.128 (-1.116 to 0.658),0.252 (-0.949 to 0.746),0.017 (-1.602 to 0.663),-0.133 (-1.735 to 0.654),-1.647 (-5.180 to 0.653),0.135 (-0.862 to 0.653),0.087 (-1.754 to 0.881),0.419 (-0.316 to 0.781),-0.111 (-2.023 to 0.661),-0.171 (-2.139 to 0.658),0.440 (-0.203 to 0.757),-1.019 (-3.630 to 0.653),-0.004 (-1.299 to 0.654),-0.199 (-2.190 to 0.657),0.321 (-1.074 to 1.153),0.062 (-1.632 to 0.691),0.377 (-0.999 to 1.289),0.154 (-0.784 to 0.653),0.182 (-0.716 to 0.653),0.179 (-0.855 to 0.656),0.191 (-0.829 to 0.656),0.354 (-0.688 to 0.898),0.165 (-0.987 to 0.659),0.286 (-1.129 to 1.065),NA,0.140 (-0.800 to 0.653),0.257 (-0.648 to 0.658),0.879 (0.543 to 1.725),0.052 (-1.439 to 0.662),-0.361 (-2.612 to 0.655)
TCAs,0.101 (-0.856 to 0.653),-0.275 (-1.602 to 0.653),0.396 (-0.258 to 0.671),0.908 (0.243 to 2.178),0.949 (0.419 to 2.164),1.132 (0.557 to 2.414),0.269 (-0.999 to 0.871),0.133 (-0.851 to 0.653),0.063 (-1.370 to 0.659),0.224 (-0.440 to 0.653),-0.151 (-1.371 to 0.653),-0.095 (-1.561 to 0.653),0.309 (-0.519 to 0.662),0.571 (-0.604 to 1.693),0.744 (-0.697 to 2.483),0.167 (-0.901 to 0.656),-1.118 (-3.887 to 0.653),0.237 (-0.746 to 0.659),-0.082 (-1.560 to 0.654),0.392 (-0.387 to 0.744),0.291 (-0.676 to 0.675),0.414 (-0.513 to 0.960),0.179 (-1.165 to 0.693),0.029 (-1.270 to 0.654),-1.485 (-4.808 to 0.653),0.297 (-0.257 to 0.653),0.249 (-1.378 to 1.165),0.581 (0.149 to 0.966),0.052 (-1.653 to 0.685),-0.009 (-1.771 to 0.668),0.603 (0.464 to 0.737),-0.857 (-3.231 to 0.653),0.158 (-0.865 to 0.654),-0.037 (-1.818 to 0.664),0.484 (-0.688 to 1.416),0.224 (-1.205 to 0.898),0.539 (-0.575 to 1.516),0.316 (-0.140 to 0.653),0.344 (-0.045 to 0.653),0.341 (-0.411 to 0.663),0.354 (-0.380 to 0.665),0.516 (-0.237 to 1.090),0.327 (-0.540 to 0.679),0.449 (-0.739 to 1.325),0.465 (-0.150 to 0.800),NA,0.419 (-0.081 to 0.658),1.041 (0.559 to 1.905),0.215 (-1.013 to 0.687),-0.199 (-2.247 to 0.658)
Trazodone,-0.015 (-1.171 to 0.653),-0.392 (-1.912 to 0.653),0.279 (-0.575 to 0.658),0.791 (-0.036 to 1.987),0.832 (0.138 to 1.977),1.015 (0.544 to 2.236),0.152 (-1.281 to 0.694),0.016 (-1.160 to 0.653),-0.054 (-1.645 to 0.656),0.107 (-0.797 to 0.653),-0.267 (-1.688 to 0.653),-0.212 (-1.853 to 0.653),0.193 (-0.828 to 0.656),0.454 (-0.875 to 1.498),0.627 (-0.959 to 2.267),0.050 (-1.192 to 0.654),-1.235 (-4.157 to 0.653),0.120 (-1.040 to 0.655),-0.199 (-1.836 to 0.653),0.275 (-0.693 to 0.667),0.174 (-0.971 to 0.659),0.298 (-0.811 to 0.787),0.063 (-1.443 to 0.663),-0.088 (-1.552 to 0.654),-1.602 (-5.074 to 0.653),0.181 (-0.606 to 0.653),0.132 (-1.644 to 0.958),0.465 (-0.177 to 0.825),-0.065 (-1.925 to 0.664),-0.125 (-2.034 to 0.660),0.486 (0.060 to 0.685),-0.974 (-3.511 to 0.653),0.041 (-1.164 to 0.653),-0.154 (-2.088 to 0.658),0.367 (-0.959 to 1.217),0.107 (-1.484 to 0.708),0.422 (-0.849 to 1.326),0.200 (-0.525 to 0.653),0.228 (-0.451 to 0.653),0.224 (-0.726 to 0.656),0.237 (-0.690 to 0.657),0.399 (-0.530 to 0.917),0.210 (-0.840 to 0.660),0.332 (-1.006 to 1.132),0.348 (-0.468 to 0.679),0.185 (-0.550 to 0.653),NA,0.924 (0.555 to 1.758),0.098 (-1.304 to 0.663),-0.316 (-2.513 to 0.656)
Waitlist,-0.637 (-2.429 to 0.653),-1.014 (-3.237 to 0.653),-0.343 (-1.833 to 0.653),0.169 (-1.277 to 0.744),0.210 (-1.037 to 0.690),0.393 (-0.633 to 0.987),-0.470 (-2.557 to 0.653),-0.606 (-2.364 to 0.653),-0.676 (-2.898 to 0.653),-0.515 (-2.031 to 0.653),-0.889 (-2.964 to 0.653),-0.834 (-3.119 to 0.653),-0.429 (-2.035 to 0.653),-0.168 (-2.146 to 0.658),0.005 (-2.219 to 1.046),-0.572 (-2.461 to 0.653),-1.857 (-5.440 to 0.653),-0.502 (-2.316 to 0.653),-0.821 (-3.106 to 0.653),-0.347 (-1.965 to 0.653),-0.448 (-2.245 to 0.653),-0.324 (-2.079 to 0.653),-0.559 (-2.731 to 0.653),-0.710 (-2.849 to 0.653),-2.224 (-6.315 to 0.653),-0.441 (-1.966 to 0.653),-0.490 (-2.878 to 0.654),-0.157 (-1.410 to 0.653),-0.687 (-3.172 to 0.653),-0.747 (-3.283 to 0.653),-0.136 (-1.306 to 0.653),-1.596 (-4.598 to 0.653),-0.581 (-2.350 to 0.653),-0.776 (-3.320 to 0.653),-0.255 (-2.212 to 0.655),-0.515 (-2.762 to 0.653),-0.200 (-2.136 to 0.656),-0.422 (-1.886 to 0.653),-0.394 (-1.814 to 0.653),-0.398 (-1.809 to 0.653),-0.385 (-1.823 to 0.653),-0.223 (-1.748 to 0.653),-0.412 (-2.080 to 0.653),-0.290 (-2.271 to 0.654),-0.274 (-1.725 to 0.653),-0.437 (-1.905 to 0.653),-0.320 (-1.758 to 0.653),NA,-0.524 (-2.489 to 0.653),-0.938 (-3.762 to 0.653)
Yoga group,0.189 (-1.160 to 0.707),-0.187 (-1.931 to 0.654),0.483 (-0.560 to 1.290),0.995 (0.125 to 2.652),1.036 (0.297 to 2.632),1.219 (0.549 to 2.944),0.356 (-1.144 to 1.352),0.220 (-1.106 to 0.775),0.150 (-1.505 to 0.906),0.311 (-0.838 to 0.872),-0.063 (-1.670 to 0.656),-0.008 (-1.747 to 0.667),0.397 (-0.764 to 1.144),0.659 (-0.699 to 2.137),0.831 (-0.731 to 2.864),0.254 (-1.123 to 0.935),-1.030 (-4.003 to 0.653),0.325 (-0.982 to 1.067),0.005 (-1.726 to 0.669),0.479 (-0.641 to 1.348),0.378 (-0.894 to 1.201),0.502 (-0.708 to 1.502),0.267 (-1.313 to 1.175),0.117 (-1.465 to 0.738),-1.397 (-4.870 to 0.653),0.385 (-0.704 to 1.041),0.336 (-1.434 to 1.564),0.669 (-0.166 to 1.632),0.139 (-1.723 to 1.090),0.079 (-1.849 to 0.965),0.690 (-0.067 to 1.622),-0.769 (-3.301 to 0.653),0.246 (-1.082 to 0.865),0.050 (-1.890 to 0.888),0.571 (-0.796 to 1.867),0.312 (-1.328 to 1.366),0.627 (-0.698 to 1.986),0.404 (-0.647 to 1.054),0.432 (-0.581 to 1.103),0.429 (-0.645 to 1.155),0.441 (-0.624 to 1.179),0.604 (-0.435 to 1.645),0.415 (-0.770 to 1.228),0.536 (-0.841 to 1.779),0.552 (-0.442 to 1.439),0.390 (-0.665 to 1.013),0.507 (-0.482 to 1.304),1.129 (0.555 to 2.489),NA,-0.111 (-2.311 to 0.689)
Yoga group + AD,0.603 (-0.710 to 1.913),0.226 (-1.458 to 1.155),0.897 (0.032 to 2.349),1.409 (0.544 to 3.756),1.450 (0.550 to 3.794),1.633 (0.557 to 4.074),0.770 (-0.602 to 2.460),0.634 (-0.628 to 1.960),0.564 (-0.869 to 1.911),0.725 (-0.383 to 2.077),0.351 (-1.183 to 1.376),0.406 (-1.213 to 1.643),0.811 (-0.305 to 2.340),1.072 (-0.088 to 3.174),1.245 (-0.069 to 3.849),0.668 (-0.637 to 2.102),-0.617 (-3.467 to 0.655),0.738 (-0.484 to 2.237),0.419 (-1.170 to 1.638),0.893 (-0.118 to 2.480),0.792 (-0.341 to 2.296),0.916 (-0.159 to 2.610),0.681 (-0.768 to 2.300),0.530 (-0.972 to 1.878),-0.984 (-4.298 to 0.653),0.799 (-0.262 to 2.257),0.750 (-0.862 to 2.658),1.083 (0.288 to 2.836),0.553 (-1.066 to 2.070),0.493 (-1.178 to 1.951),1.104 (0.370 to 2.849),-0.356 (-2.823 to 0.659),0.659 (-0.632 to 2.059),0.464 (-1.324 to 1.982),0.985 (-0.160 to 2.886),0.725 (-0.763 to 2.461),1.040 (-0.139 to 3.103),0.818 (-0.208 to 2.282),0.846 (-0.148 to 2.328),0.842 (-0.219 to 2.386),0.855 (-0.191 to 2.403),1.017 (0.037 to 2.824),0.828 (-0.292 to 2.403),0.950 (-0.232 to 2.818),0.966 (0.043 to 2.612),0.803 (-0.234 to 2.247),0.920 (-0.032 to 2.513),1.542 (0.557 to 3.762),0.716 (-0.658 to 2.311),NA
