removed_direct_comp,n_affected,mean_abs_change,median_abs_change,p95_abs_change,max_abs_change,n_large_01,n_large_02
Self-help with support:Waitlist,125,0.013300192,0,6.559999999984356e-5,1.0577410000000005,2,2
Cognitive and cognitive behavioural therapies group:Cognitive and cognitive behavioural therapies individual,128,0.01118787499999999,0,2.6454999999998797e-4,0.7373559999999999,2,2
Cognitive and cognitive behavioural therapies group:Self-help,126,0.008989388888888889,0,1.932499999997006e-4,1.0577410000000005,1,1
Cognitive and cognitive behavioural therapies group:Self-help with support,126,0.008989388888888889,0,1.932499999997006e-4,1.0577410000000005,1,1
Self-help:Self-help with support,126,0.008989388888888889,0,1.932499999997006e-4,1.0577410000000005,1,1
Any AD:Interpersonal psychotherapy (IPT) individual + placebo,125,0.008538591999999996,0,1.121999999997847e-4,0.569177,2,2
Interpersonal psychotherapy (IPT) individual + AD:Interpersonal psychotherapy (IPT) individual + placebo,125,0.008538591999999996,0,1.121999999997847e-4,0.569177,2,2
Interpersonal psychotherapy (IPT) individual:Interpersonal psychotherapy (IPT) individual + AD,125,0.008538591999999996,0,1.121999999997847e-4,0.569177,2,2
Interpersonal psychotherapy (IPT) individual:Interpersonal psychotherapy (IPT) individual + placebo,125,0.008538591999999996,0,1.121999999997847e-4,0.569177,2,2
Self-help:Waitlist,125,0.008503095999999998,0,1.8380000000000046e-4,1.0577410000000005,1,1
Placebo:SSRIs,119,0.008031008403361338,0,0.03576959999999992,0.27376,2,1
Cognitive and cognitive behavioural therapies individual:Self-help with support,127,0.006976370078740164,0,4.999000000003749e-4,0.5162749999999998,3,2
Cognitive and cognitive behavioural therapies individual:TCAs,121,0.006906735537190086,0,0.00153700000000001,0.327956,4,2
Cognitive and cognitive behavioural therapies individual:Waitlist,127,0.006788196850393695,0,1.6639999999975495e-4,0.6900139999999997,2,1
Cognitive and cognitive behavioural therapies group:Waitlist,124,0.006585677419354837,0,6.35249999999836e-4,0.737357,1,1
Exercise individual + AD:No treatment,126,0.00600889682539682,0,1.7474999999994578e-4,0.693943,1,1
Exercise individual + AD:SSRIs,126,0.00600889682539682,0,1.7474999999994578e-4,0.693943,1,1
Exercise individual:Exercise individual + AD,126,0.00600889682539682,0,1.7474999999994578e-4,0.693943,1,1
No treatment:SSRIs,125,0.005985095999999993,0,1.7359999999966289e-4,0.693943,1,1
Exercise individual:SSRIs,121,0.005874479338842967,0,1.3900000000000023e-4,0.693943,1,1
Cognitive and cognitive behavioural therapies individual:Counselling individual,126,0.005812753968253976,0,9.442500000003129e-4,0.592835,2,1
Any AD:Cognitive and cognitive behavioural therapies individual,128,0.005716835937500005,0,2.1220000000021772e-4,0.535942,2,1
Counselling individual:Self-help,128,0.005682156250000006,0,4.45750000000311e-4,0.592835,2,1
Any AD:Interpersonal psychotherapy (IPT) individual,124,0.005678854838709682,0,1.9730000000000016e-4,0.4966,2,1
Placebo:TCAs,114,0.005560710526315795,0,0.01111250000000007,0.204916,2,1
Cognitive and cognitive behavioural therapies individual:Cognitive and cognitive behavioural therapies individual + AD,123,0.005144869918699192,0,0.0010602000000000974,0.327956,2,1
Cognitive and cognitive behavioural therapies individual:Interpersonal psychotherapy (IPT) individual,125,0.005092408000000001,0,6.898000000000515e-4,0.535942,1,1
Placebo:SNRIs,128,0.004901187499999995,0,0.01829594999999982,0.272761,1,1
No treatment:Self-help,128,0.004685484374999997,0,8.094999999992412e-5,0.491201,2,1
Any AD:Interpersonal psychotherapy (IPT) individual + AD,122,0.004666516393442614,0,9.849999999639281e-6,0.569177,1,1
Cognitive and cognitive behavioural therapies individual + AD:TCAs,126,0.004652420634920645,0,5.027500000001073e-4,0.327956,2,1
Cognitive and cognitive behavioural therapies individual + placebo:TCAs,127,0.004376299212598431,0,2.1320000000021313e-4,0.327956,2,1
Cognitive and cognitive behavioural therapies individual:Cognitive and cognitive behavioural therapies individual + placebo,127,0.004376299212598431,0,2.1320000000021313e-4,0.327956,2,1
Cognitive and cognitive behavioural therapies individual:No treatment,127,0.003902472440944888,0,2.866000000001133e-4,0.491201,1,1
Any AD:Psychoeducation group + AD,127,0.0037835826771653613,0,7.43000000000379e-5,0.4793289999999999,1,1
Interpersonal psychotherapy (IPT) individual + AD:Psychoeducation group + AD,127,0.0037835826771653613,0,7.43000000000379e-5,0.4793289999999999,1,1
Cognitive and cognitive behavioural therapies individual:TAU,124,0.003230669354838719,0,0.001236050000000062,0.17359800000000003,2,0
SNRIs:SSRIs,128,0.002620968749999992,0,0.008683599999999786,0.14232599999999995,1,0
Cognitive and cognitive behavioural therapies individual:Placebo,126,0.002310206349206351,0,4.607500000000652e-4,0.204916,1,1
Interpersonal psychotherapy (IPT) individual:Placebo,126,0.002310206349206351,0,4.607500000000652e-4,0.204916,1,1
Interpersonal psychotherapy (IPT) individual:TCAs,126,0.002310206349206351,0,4.607500000000652e-4,0.204916,1,1
Self-help with support:Short-term psychodynamic psychotherapies individual,128,0.002306054687500006,0,1.356000000001689e-4,0.213434,1,1
Cognitive and cognitive behavioural therapies individual + AD:TAU,127,0.002162039370078743,0,3.186000000000132e-4,0.17359800000000003,1,0
SSRIs:TAU,127,0.002162039370078743,0,3.186000000000132e-4,0.17359800000000003,1,0
Cognitive and cognitive behavioural therapies individual:SSRIs,126,0.0020968412698412755,0,4.58000000000125e-4,0.17359800000000003,1,0
Counselling individual:TAU,128,0.0020277500000000035,0,5.040500000001778e-4,0.12690600000000002,2,0
Cognitive and cognitive behavioural therapies individual:Self-help,126,0.0019162777777777871,0,4.135000000001776e-4,0.128427,2,0
SNRIs:TCAs,128,0.001877257812500001,0,0.002083700000000083,0.104972,1,0
Cognitive and cognitive behavioural therapies individual + AD:Cognitive and cognitive behavioural therapies individual + placebo,126,0.0018082063492063554,0,2.0425000000010018e-4,0.13412400000000002,1,0
Acupuncture:Waitlist,127,0.0017548346456692841,0,3.031999999997297e-4,0.21802699999999997,1,1
Sham acupuncture:Waitlist,127,0.0017548346456692841,0,3.031999999997297e-4,0.21802699999999997,1,1
Mirtazapine:TCAs,128,0.0016041718750000038,0,0.001658450000000261,0.1765850000000001,1,0
SSRIs:TCAs,128,0.0012444375000000068,0,0.008340150000000216,0.03331799999999996,0,0
TAU:TCAs,128,0.0010559531250000022,0,1.6390000000012777e-4,0.13104899999999997,1,0
TCAs:Trazodone,128,8.661328125000021e-4,0,3.5475000000008937e-4,0.104972,1,0
SNRIs:Trazodone,128,8.223046875e-4,0,7.932500000000815e-4,0.09223899999999996,0,0
Cognitive and cognitive behavioural therapies individual + AD:SSRIs,126,8.032777777777836e-4,0,3.240000000000465e-4,0.07462000000000002,0,0
Cognitive and cognitive behavioural therapies individual:Short-term psychodynamic psychotherapies individual,127,6.595984251968503e-4,0,2.4880000000003684e-4,0.079837,0,0
Exercise group:Exercise individual,125,5.812320000000077e-4,0,1.0940000000028149e-4,0.065091,0,0
Exercise group:Placebo,125,5.812320000000077e-4,0,1.0940000000028149e-4,0.065091,0,0
Exercise group:SSRIs,125,5.812320000000077e-4,0,1.0940000000028149e-4,0.065091,0,0
Exercise individual:Placebo,125,5.812320000000077e-4,0,1.0940000000028149e-4,0.065091,0,0
Exercise individual:No treatment,125,5.038799999999967e-4,0,1.4699999999985281e-4,0.051862,0,0
Mirtazapine:Placebo,128,4.139296874999955e-4,0,0.001318499999999818,0.02812400000000001,0,0
Acupuncture + AD:SSRIs,128,2.723124999999969e-4,0,0.0015441500000000232,0.00553800000000004,0,0
Mirtazapine:SSRIs,128,2.6988281250000384e-4,0,0.0014848000000000211,0.00542900000000012,0,0
Acupuncture:SSRIs,128,1.5033593749999463e-4,0,8.11399999999987e-4,0.00332299999999996,0,0
Placebo:Trazodone,128,1.3832031250000546e-4,0,7.616999999999862e-4,0.00277299999999991,0,0
SSRIs:Trazodone,128,1.2946875000000363e-4,0,7.195000000000079e-4,0.00261899999999992,0,0
Behavioural therapies individual + AD:Placebo,120,1.229500000000024e-4,0,8.715000000016903e-5,0.01351899999999994,0,0
Behavioural therapies individual + AD:Relaxation individual + AD,120,1.229500000000024e-4,0,8.715000000016903e-5,0.01351899999999994,0,0
Behavioural therapies individual + AD:Relaxation individual + placebo,120,1.229500000000024e-4,0,8.715000000016903e-5,0.01351899999999994,0,0
Behavioural therapies individual + AD:TCAs,120,1.229500000000024e-4,0,8.715000000016903e-5,0.01351899999999994,0,0
Placebo:Relaxation individual + AD,120,1.229500000000024e-4,0,8.715000000016903e-5,0.01351899999999994,0,0
Placebo:Relaxation individual + placebo,120,1.229500000000024e-4,0,8.715000000016903e-5,0.01351899999999994,0,0
Relaxation individual + AD:Relaxation individual + placebo,120,1.229500000000024e-4,0,8.715000000016903e-5,0.01351899999999994,0,0
Relaxation individual + AD:TCAs,120,1.229500000000024e-4,0,8.715000000016903e-5,0.01351899999999994,0,0
Relaxation individual + placebo:TCAs,120,1.229500000000024e-4,0,8.715000000016903e-5,0.01351899999999994,0,0
Any AD:Cognitive and cognitive behavioural therapies individual + AD,128,1.1408593749999647e-4,0,6.308000000000388e-4,0.00227399999999988,0,0
Behavioural therapies individual:Cognitive and cognitive behavioural therapies individual,128,9.307031249999692e-5,0,4.868499999999775e-4,0.002,0,0
Behavioural therapies individual:SSRIs,128,7.338281249999519e-5,0,4.0545000000003433e-4,0.0014639999999999,0,0
Placebo:Problem solving individual,127,6.340944881890241e-5,0,2.3530000000013718e-4,0.00433800000000006,0,0
Problem solving individual:TCAs,127,6.340944881890241e-5,0,2.3530000000013718e-4,0.00433800000000006,0,0
Mirtazapine:SNRIs,128,5.773437500000495e-5,0,3.206999999999622e-4,0.00116300000000002,0,0
Counselling individual:No treatment,128,5.481249999999455e-5,0,3.031000000000251e-4,0.00109399999999992,0,0
Acupuncture:Sham acupuncture,126,4.6063492063484715e-5,0,2.3099999999998125e-4,9.500000000000064e-4,0,0
Light therapy + AD:Placebo,124,4.592741935484208e-5,0,1.889500000002427e-4,0.00283299999999997,0,0
Light therapy + AD:SSRIs,124,4.592741935484208e-5,0,1.889500000002427e-4,0.00283299999999997,0,0
Light therapy:Light therapy + AD,124,4.592741935484208e-5,0,1.889500000002427e-4,0.00283299999999997,0,0
Light therapy:Placebo,124,4.592741935484208e-5,0,1.889500000002427e-4,0.00283299999999997,0,0
Light therapy:SSRIs,124,4.592741935484208e-5,0,1.889500000002427e-4,0.00283299999999997,0,0
Problem solving individual:Waitlist,128,4.414843749999658e-5,0,2.4395000000000352e-4,8.820000000000494e-4,0,0
Attention placebo:Problem solving individual,128,4.206249999999336e-5,0,2.3264999999999224e-4,8.399999999999519e-4,0,0
Attention placebo:Self-help,128,4.206249999999336e-5,0,2.3264999999999224e-4,8.399999999999519e-4,0,0
Exercise group:TAU,128,3.417187499999574e-5,0,1.8909999999999454e-4,6.820000000000714e-4,0,0
Any AD:Exercise individual + AD,128,3.2898437499995225e-5,0,1.8179999999998723e-4,6.569999999999077e-4,0,0
Mirtazapine:Trazodone,128,2.9734375000003255e-5,0,1.638500000000068e-4,5.939999999999834e-4,0,0
Cognitive and cognitive behavioural therapies group:SSRIs,128,1.6281250000004113e-5,0,8.939999999996993e-5,3.2500000000013074e-4,0,0
Acupuncture:TCAs,128,1.2234375000002749e-5,0,6.679999999996678e-5,2.44000000000133e-4,0,0
Any AD:Cognitive and cognitive behavioural therapies group + AD,128,1.1312500000005134e-5,0,6.279999999996278e-5,2.269999999999772e-4,0,0
Counselling individual:Problem solving individual,128,1.1250000000002848e-5,0,6.414999999998218e-5,2.329999999999277e-4,0,0
Short-term psychodynamic psychotherapies individual:SSRIs,128,1.1242187500005714e-5,0,6.215000000001627e-5,2.24000000000002e-4,0,0
Interpersonal psychotherapy (IPT) individual + placebo:TCAs,128,1.0796874999993776e-5,0,6.015000000003092e-5,2.1599999999999395e-4,0,0
Light therapy + AD:SNRIs,128,1.0703125000004958e-5,0,5.8500000000022334e-5,2.1300000000001873e-4,0,0
Interpersonal psychotherapy (IPT) individual + AD:SNRIs,128,1.0054687500005719e-5,0,5.549999999997493e-5,1.9999999999997797e-4,0,0
Exercise group:No treatment,128,9.820312500002232e-6,0,5.384999999998022e-5,1.96000000000085e-4,0,0
Problem solving group:Waitlist,128,8.156249999994794e-6,0,4.265000000000518e-5,1.7500000000003624e-4,0,0
No treatment:Self-help with support,128,7.94531250000697e-6,0,4.320000000002648e-5,1.580000000001025e-4,0,0
Any AD:Short-term psychodynamic psychotherapies individual + AD,128,5.8437500000035946e-06,0,3.189999999999577e-5,1.16000000000005e-4,0,0
Behavioural therapies individual + AD:Counselling individual + AD,128,5.8437500000035946e-06,0,3.189999999999577e-5,1.16000000000005e-4,0,0
Counselling individual + AD:Short-term psychodynamic psychotherapies individual + AD,128,5.8437500000035946e-06,0,3.189999999999577e-5,1.16000000000005e-4,0,0
Any psychotherapy:Behavioural therapies individual,128,4.156250000009063e-6,0,2.2600000000022565e-5,8.300000000005525e-5,0,0
Any psychotherapy:Short-term psychodynamic psychotherapies individual,128,4.156250000009063e-6,0,2.2600000000022565e-5,8.300000000005525e-5,0,0
Cognitive and cognitive behavioural therapies group:No treatment,128,3.7265625000053803e-6,0,2.0600000000003916e-5,7.400000000012952e-5,0,0
Any AD:Cognitive and cognitive behavioural therapies group,126,2.9047619047652777e-6,0,1.624999999996768e-5,5.699999999997374e-5,0,0
Any AD:TAU,126,2.9047619047652777e-6,0,1.624999999996768e-5,5.699999999997374e-5,0,0
Cognitive and cognitive behavioural therapies group:TAU,126,2.9047619047652777e-6,0,1.624999999996768e-5,5.699999999997374e-5,0,0
Cognitive and cognitive behavioural therapies individual:SNRIs,128,6.32812500009686e-7,0,3.000000000066838e-6,1.2000000000123023e-5,0,0
TCAs:Yoga group,128,8.593750000420591e-8,0,1.0000000000287557e-6,2.0000000000575113e-6,0,0
Waitlist:Yoga group,128,8.593750000420591e-8,0,1.0000000000287557e-6,2.0000000000575113e-6,0,0
Any AD:Peer support group,126,0,0,0,0,0,0
Any AD:Peer support group + AD,126,0,0,0,0,0,0
Any AD:Yoga group + AD,128,0,0,0,0,0,0
Counselling individual + AD:Counselling individual + placebo,128,0,0,0,0,0,0
Exercise group + AD:SSRIs,128,0,0,0,0,0,0
Mindfulness or meditation group:No treatment,128,0,0,0,0,0,0
Music therapy group:No treatment,128,0,0,0,0,0,0
No treatment:Psychoeducation group,128,0,0,0,0,0,0
Peer support group:Peer support group + AD,126,0,0,0,0,0,0
