t1,t2,network_estimate,estimate_norm,full_value,reduced_value,has_direct,contrast_type,removed_direct_comp,removed_direct_norm,n_removed_studies,change,abs_change
Cognitive and cognitive behavioural therapies group,Waitlist,Cognitive and cognitive behavioural therapies group:Waitlist,Cognitiveandcognitivebehaviouraltherapiesgroup:Waitlist,-2.958528,-4.016269,TRUE,has_direct(+indirect),Self-help:Waitlist,Self-help:Waitlist,5,-1.0577410000000005,1.0577410000000005
Self-help with support,Waitlist,Self-help with support:Waitlist,Self-helpwithsupport:Waitlist,-1.374967,-1.377599,TRUE,has_direct(+indirect),Self-help:Waitlist,Self-help:Waitlist,5,-0.00263199999999996,0.00263199999999996
Cognitive and cognitive behavioural therapies individual,Waitlist,Cognitive and cognitive behavioural therapies individual:Waitlist,Cognitiveandcognitivebehaviouraltherapiesindividual:Waitlist,-1.827518,-1.827073,TRUE,has_direct(+indirect),Self-help:Waitlist,Self-help:Waitlist,5,4.450000000000287e-4,4.450000000000287e-4
Acupuncture,SSRIs,Acupuncture:SSRIs,Acupuncture:SSRIs,-0.919457,-0.919174,TRUE,has_direct(+indirect),Self-help:Waitlist,Self-help:Waitlist,5,2.829999999999222e-4,2.829999999999222e-4
Placebo,SNRIs,Placebo:SNRIs,Placebo:SNRIs,0.740949,0.740724,TRUE,has_direct(+indirect),Self-help:Waitlist,Self-help:Waitlist,5,-2.249999999999197e-4,2.249999999999197e-4
Behavioural therapies individual,Cognitive and cognitive behavioural therapies individual,Behavioural therapies individual:Cognitive and cognitive behavioural therapies individual,Behaviouraltherapiesindividual:Cognitiveandcognitivebehaviouraltherapiesindividual,2.108881,2.108677,TRUE,has_direct(+indirect),Self-help:Waitlist,Self-help:Waitlist,5,-2.039999999996489e-4,2.039999999996489e-4
Problem solving group,Waitlist,Problem solving group:Waitlist,Problemsolvinggroup:Waitlist,-3.669046,-3.668849,TRUE,has_direct(+indirect),Self-help:Waitlist,Self-help:Waitlist,5,1.9700000000000273e-4,1.9700000000000273e-4
Acupuncture,Sham acupuncture,Acupuncture:Sham acupuncture,Acupuncture:Shamacupuncture,-0.531807,-0.531676,TRUE,has_direct(+indirect),Self-help:Waitlist,Self-help:Waitlist,5,1.3099999999999223e-4,1.3099999999999223e-4
Cognitive and cognitive behavioural therapies individual,Self-help,Cognitive and cognitive behavioural therapies individual:Self-help,Cognitiveandcognitivebehaviouraltherapiesindividual:Self-help,-0.398416,-0.398307,TRUE,has_direct(+indirect),Self-help:Waitlist,Self-help:Waitlist,5,1.0899999999997025e-4,1.0899999999997025e-4
Exercise individual,No treatment,Exercise individual:No treatment,Exerciseindividual:Notreatment,-0.632998,-0.632891,TRUE,has_direct(+indirect),Self-help:Waitlist,Self-help:Waitlist,5,1.0699999999996825e-4,1.0699999999996825e-4
Counselling individual,Problem solving individual,Counselling individual:Problem solving individual,Counsellingindividual:Problemsolvingindividual,0.613477,0.613376,TRUE,has_direct(+indirect),Self-help:Waitlist,Self-help:Waitlist,5,-1.0100000000001774e-4,1.0100000000001774e-4
SNRIs,SSRIs,SNRIs:SSRIs,SNRIs:SSRIs,-0.321387,-0.321311,TRUE,has_direct(+indirect),Self-help:Waitlist,Self-help:Waitlist,5,7.599999999996498e-5,7.599999999996498e-5
Acupuncture + AD,SSRIs,Acupuncture + AD:SSRIs,Acupuncture+AD:SSRIs,-1.227003,-1.227069,TRUE,has_direct(+indirect),Self-help:Waitlist,Self-help:Waitlist,5,-6.599999999989947e-5,6.599999999989947e-5
Cognitive and cognitive behavioural therapies individual + AD,Cognitive and cognitive behavioural therapies individual + placebo,Cognitive and cognitive behavioural therapies individual + AD:Cognitive and cognitive behavioural therapies individual + placebo,Cognitiveandcognitivebehaviouraltherapiesindividual+AD:Cognitiveandcognitivebehaviouraltherapiesindividual+placebo,0.052233,0.052175,TRUE,has_direct(+indirect),Self-help:Waitlist,Self-help:Waitlist,5,-5.8000000000002494e-5,5.8000000000002494e-5
Placebo,TCAs,Placebo:TCAs,Placebo:TCAs,0.585739,0.585691,TRUE,has_direct(+indirect),Self-help:Waitlist,Self-help:Waitlist,5,-4.8000000000048e-5,4.8000000000048e-5
Any AD,Cognitive and cognitive behavioural therapies individual,Any AD:Cognitive and cognitive behavioural therapies individual,AnyAD:Cognitiveandcognitivebehaviouraltherapiesindividual,-0.452206,-0.452166,TRUE,has_direct(+indirect),Self-help:Waitlist,Self-help:Waitlist,5,3.999999999998449e-5,3.999999999998449e-5
Any AD,Interpersonal psychotherapy (IPT) individual,Any AD:Interpersonal psychotherapy (IPT) individual,AnyAD:Interpersonalpsychotherapy(IPT)individual,-0.173851,-0.173815,TRUE,has_direct(+indirect),Self-help:Waitlist,Self-help:Waitlist,5,3.600000000000825e-5,3.600000000000825e-5
Cognitive and cognitive behavioural therapies individual,Short-term psychodynamic psychotherapies individual,Cognitive and cognitive behavioural therapies individual:Short-term psychodynamic psychotherapies individual,Cognitiveandcognitivebehaviouraltherapiesindividual:Short-termpsychodynamicpsychotherapiesindividual,0.048663,0.048631,TRUE,has_direct(+indirect),Self-help:Waitlist,Self-help:Waitlist,5,-3.199999999999731e-5,3.199999999999731e-5
Mirtazapine,Placebo,Mirtazapine:Placebo,Mirtazapine:Placebo,-0.841042,-0.841073,TRUE,has_direct(+indirect),Self-help:Waitlist,Self-help:Waitlist,5,-3.100000000000325e-5,3.100000000000325e-5
Cognitive and cognitive behavioural therapies individual,TCAs,Cognitive and cognitive behavioural therapies individual:TCAs,Cognitiveandcognitivebehaviouraltherapiesindividual:TCAs,-0.216386,-0.216357,TRUE,has_direct(+indirect),Self-help:Waitlist,Self-help:Waitlist,5,2.9000000000001247e-5,2.9000000000001247e-5
SSRIs,Trazodone,SSRIs:Trazodone,SSRIs:Trazodone,-0.033393,-0.03342,TRUE,has_direct(+indirect),Self-help:Waitlist,Self-help:Waitlist,5,-2.6999999999999247e-5,2.6999999999999247e-5
Any AD,Cognitive and cognitive behavioural therapies group + AD,Any AD:Cognitive and cognitive behavioural therapies group + AD,AnyAD:Cognitiveandcognitivebehaviouraltherapiesgroup+AD,0.664339,0.664317,TRUE,has_direct(+indirect),Self-help:Waitlist,Self-help:Waitlist,5,-2.199999999996649e-5,2.199999999996649e-5
Cognitive and cognitive behavioural therapies individual,Self-help with support,Cognitive and cognitive behavioural therapies individual:Self-help with support,Cognitiveandcognitivebehaviouraltherapiesindividual:Self-helpwithsupport,-0.082025,-0.082004,TRUE,has_direct(+indirect),Self-help:Waitlist,Self-help:Waitlist,5,2.1000000000007124e-5,2.1000000000007124e-5
Cognitive and cognitive behavioural therapies individual + AD,TCAs,Cognitive and cognitive behavioural therapies individual + AD:TCAs,Cognitiveandcognitivebehaviouraltherapiesindividual+AD:TCAs,-0.28123,-0.281251,TRUE,has_direct(+indirect),Self-help:Waitlist,Self-help:Waitlist,5,-2.099999999999325e-5,2.099999999999325e-5
Mirtazapine,SNRIs,Mirtazapine:SNRIs,Mirtazapine:SNRIs,-0.179307,-0.179327,TRUE,has_direct(+indirect),Self-help:Waitlist,Self-help:Waitlist,5,-1.999999999999225e-5,1.999999999999225e-5
SNRIs,TCAs,SNRIs:TCAs,SNRIs:TCAs,0.075802,0.075782,TRUE,has_direct(+indirect),Self-help:Waitlist,Self-help:Waitlist,5,-1.999999999999225e-5,1.999999999999225e-5
Any AD,Interpersonal psychotherapy (IPT) individual + AD,Any AD:Interpersonal psychotherapy (IPT) individual + AD,AnyAD:Interpersonalpsychotherapy(IPT)individual+AD,0.18278,0.182799,TRUE,has_direct(+indirect),Self-help:Waitlist,Self-help:Waitlist,5,1.899999999999125e-5,1.899999999999125e-5
Cognitive and cognitive behavioural therapies individual,No treatment,Cognitive and cognitive behavioural therapies individual:No treatment,Cognitiveandcognitivebehaviouraltherapiesindividual:Notreatment,-0.891205,-0.891187,TRUE,has_direct(+indirect),Self-help:Waitlist,Self-help:Waitlist,5,1.8000000000073513e-5,1.8000000000073513e-5
TCAs,Trazodone,TCAs:Trazodone,TCAs:Trazodone,-0.638707,-0.638689,TRUE,has_direct(+indirect),Self-help:Waitlist,Self-help:Waitlist,5,1.8000000000073513e-5,1.8000000000073513e-5
Placebo,SSRIs,Placebo:SSRIs,Placebo:SSRIs,0.510398,0.510416,TRUE,has_direct(+indirect),Self-help:Waitlist,Self-help:Waitlist,5,1.799999999996249e-5,1.799999999996249e-5
Cognitive and cognitive behavioural therapies individual,TAU,Cognitive and cognitive behavioural therapies individual:TAU,Cognitiveandcognitivebehaviouraltherapiesindividual:TAU,-0.298912,-0.298927,TRUE,has_direct(+indirect),Self-help:Waitlist,Self-help:Waitlist,5,-1.4999999999987246e-5,1.4999999999987246e-5
Exercise individual,SSRIs,Exercise individual:SSRIs,Exerciseindividual:SSRIs,-0.091986,-0.092,TRUE,has_direct(+indirect),Self-help:Waitlist,Self-help:Waitlist,5,-1.4000000000000123e-5,1.4000000000000123e-5
Cognitive and cognitive behavioural therapies individual,Interpersonal psychotherapy (IPT) individual,Cognitive and cognitive behavioural therapies individual:Interpersonal psychotherapy (IPT) individual,Cognitiveandcognitivebehaviouraltherapiesindividual:Interpersonalpsychotherapy(IPT)individual,-0.061031,-0.061018,TRUE,has_direct(+indirect),Self-help:Waitlist,Self-help:Waitlist,5,1.2999999999999123e-5,1.2999999999999123e-5
SSRIs,TCAs,SSRIs:TCAs,SSRIs:TCAs,0.024311,0.024324,TRUE,has_direct(+indirect),Self-help:Waitlist,Self-help:Waitlist,5,1.2999999999999123e-5,1.2999999999999123e-5
Cognitive and cognitive behavioural therapies individual + AD,SSRIs,Cognitive and cognitive behavioural therapies individual + AD:SSRIs,Cognitiveandcognitivebehaviouraltherapiesindividual+AD:SSRIs,-0.337419,-0.337407,TRUE,has_direct(+indirect),Self-help:Waitlist,Self-help:Waitlist,5,1.2000000000012e-5,1.2000000000012e-5
SNRIs,Trazodone,SNRIs:Trazodone,SNRIs:Trazodone,-0.373764,-0.373755,TRUE,has_direct(+indirect),Self-help:Waitlist,Self-help:Waitlist,5,8.999999999981245e-6,8.999999999981245e-6
Cognitive and cognitive behavioural therapies individual,Cognitive and cognitive behavioural therapies individual + AD,Cognitive and cognitive behavioural therapies individual:Cognitive and cognitive behavioural therapies individual + AD,Cognitiveandcognitivebehaviouraltherapiesindividual:Cognitiveandcognitivebehaviouraltherapiesindividual+AD,0.189697,0.189701,TRUE,has_direct(+indirect),Self-help:Waitlist,Self-help:Waitlist,5,4.000000000004e-6,4.000000000004e-6
Mirtazapine,TCAs,Mirtazapine:TCAs,Mirtazapine:TCAs,0.115832,0.115828,TRUE,has_direct(+indirect),Self-help:Waitlist,Self-help:Waitlist,5,-4.000000000004e-6,4.000000000004e-6
Cognitive and cognitive behavioural therapies individual,Counselling individual,Cognitive and cognitive behavioural therapies individual:Counselling individual,Cognitiveandcognitivebehaviouraltherapiesindividual:Counsellingindividual,-0.208458,-0.208461,TRUE,has_direct(+indirect),Self-help:Waitlist,Self-help:Waitlist,5,-3.0000000000030003e-6,3.0000000000030003e-6
No treatment,SSRIs,No treatment:SSRIs,Notreatment:SSRIs,0.058141,0.058144,TRUE,has_direct(+indirect),Self-help:Waitlist,Self-help:Waitlist,5,3.0000000000030003e-6,3.0000000000030003e-6
Mirtazapine,SSRIs,Mirtazapine:SSRIs,Mirtazapine:SSRIs,-0.142343,-0.142345,TRUE,has_direct(+indirect),Self-help:Waitlist,Self-help:Waitlist,5,-2.000000000002e-6,2.000000000002e-6
Any psychotherapy,Behavioural therapies individual,Any psychotherapy:Behavioural therapies individual,Anypsychotherapy:Behaviouraltherapiesindividual,0.251478,0.251478,TRUE,has_direct(+indirect),Self-help:Waitlist,Self-help:Waitlist,5,0,0
Any AD,Cognitive and cognitive behavioural therapies group,Any AD:Cognitive and cognitive behavioural therapies group,AnyAD:Cognitiveandcognitivebehaviouraltherapiesgroup,-0.709809,-0.709809,TRUE,has_direct(+indirect),Self-help:Waitlist,Self-help:Waitlist,5,0,0
Cognitive and cognitive behavioural therapies group,Cognitive and cognitive behavioural therapies individual,Cognitive and cognitive behavioural therapies group:Cognitive and cognitive behavioural therapies individual,Cognitiveandcognitivebehaviouraltherapiesgroup:Cognitiveandcognitivebehaviouraltherapiesindividual,0.472502,0.472502,TRUE,has_direct(+indirect),Self-help:Waitlist,Self-help:Waitlist,5,0,0
Any AD,Cognitive and cognitive behavioural therapies individual + AD,Any AD:Cognitive and cognitive behavioural therapies individual + AD,AnyAD:Cognitiveandcognitivebehaviouraltherapiesindividual+AD,4.715432,4.715432,TRUE,has_direct(+indirect),Self-help:Waitlist,Self-help:Waitlist,5,0,0
Cognitive and cognitive behavioural therapies individual,Cognitive and cognitive behavioural therapies individual + placebo,Cognitive and cognitive behavioural therapies individual:Cognitive and cognitive behavioural therapies individual + placebo,Cognitiveandcognitivebehaviouraltherapiesindividual:Cognitiveandcognitivebehaviouraltherapiesindividual+placebo,0.688418,0.688418,TRUE,has_direct(+indirect),Self-help:Waitlist,Self-help:Waitlist,5,0,0
Behavioural therapies individual + AD,Counselling individual + AD,Behavioural therapies individual + AD:Counselling individual + AD,Behaviouraltherapiesindividual+AD:Counsellingindividual+AD,-0.648026,-0.648026,TRUE,has_direct(+indirect),Self-help:Waitlist,Self-help:Waitlist,5,0,0
Counselling individual + AD,Counselling individual + placebo,Counselling individual + AD:Counselling individual + placebo,Counsellingindividual+AD:Counsellingindividual+placebo,-0.34377,-0.34377,TRUE,has_direct(+indirect),Self-help:Waitlist,Self-help:Waitlist,5,0,0
Exercise group,Exercise individual,Exercise group:Exercise individual,Exercisegroup:Exerciseindividual,-0.014385,-0.014385,TRUE,has_direct(+indirect),Self-help:Waitlist,Self-help:Waitlist,5,0,0
Any AD,Exercise individual + AD,Any AD:Exercise individual + AD,AnyAD:Exerciseindividual+AD,1.866879,1.866879,TRUE,has_direct(+indirect),Self-help:Waitlist,Self-help:Waitlist,5,0,0
Exercise individual,Exercise individual + AD,Exercise individual:Exercise individual + AD,Exerciseindividual:Exerciseindividual+AD,0.307374,0.307374,TRUE,has_direct(+indirect),Self-help:Waitlist,Self-help:Waitlist,5,0,0
Interpersonal psychotherapy (IPT) individual,Interpersonal psychotherapy (IPT) individual + AD,Interpersonal psychotherapy (IPT) individual:Interpersonal psychotherapy (IPT) individual + AD,Interpersonalpsychotherapy(IPT)individual:Interpersonalpsychotherapy(IPT)individual+AD,0.300018,0.300018,TRUE,has_direct(+indirect),Self-help:Waitlist,Self-help:Waitlist,5,0,0
Any AD,Interpersonal psychotherapy (IPT) individual + placebo,Any AD:Interpersonal psychotherapy (IPT) individual + placebo,AnyAD:Interpersonalpsychotherapy(IPT)individual+placebo,0.486236,0.486236,TRUE,has_direct(+indirect),Self-help:Waitlist,Self-help:Waitlist,5,0,0
Interpersonal psychotherapy (IPT) individual,Interpersonal psychotherapy (IPT) individual + placebo,Interpersonal psychotherapy (IPT) individual:Interpersonal psychotherapy (IPT) individual + placebo,Interpersonalpsychotherapy(IPT)individual:Interpersonalpsychotherapy(IPT)individual+placebo,0.124145,0.124145,TRUE,has_direct(+indirect),Self-help:Waitlist,Self-help:Waitlist,5,0,0
Interpersonal psychotherapy (IPT) individual + AD,Interpersonal psychotherapy (IPT) individual + placebo,Interpersonal psychotherapy (IPT) individual + AD:Interpersonal psychotherapy (IPT) individual + placebo,Interpersonalpsychotherapy(IPT)individual+AD:Interpersonalpsychotherapy(IPT)individual+placebo,-0.175873,-0.175873,TRUE,has_direct(+indirect),Self-help:Waitlist,Self-help:Waitlist,5,0,0
Light therapy,Light therapy + AD,Light therapy:Light therapy + AD,Lighttherapy:Lighttherapy+AD,0.385503,0.385503,TRUE,has_direct(+indirect),Self-help:Waitlist,Self-help:Waitlist,5,0,0
Cognitive and cognitive behavioural therapies group,No treatment,Cognitive and cognitive behavioural therapies group:No treatment,Cognitiveandcognitivebehaviouraltherapiesgroup:Notreatment,-1.203275,-1.203275,TRUE,has_direct(+indirect),Self-help:Waitlist,Self-help:Waitlist,5,0,0
Counselling individual,No treatment,Counselling individual:No treatment,Counsellingindividual:Notreatment,-1.372695,-1.372695,TRUE,has_direct(+indirect),Self-help:Waitlist,Self-help:Waitlist,5,0,0
Exercise group,No treatment,Exercise group:No treatment,Exercisegroup:Notreatment,-0.36772,-0.36772,TRUE,has_direct(+indirect),Self-help:Waitlist,Self-help:Waitlist,5,0,0
Exercise individual + AD,No treatment,Exercise individual + AD:No treatment,Exerciseindividual+AD:Notreatment,-0.380376,-0.380376,TRUE,has_direct(+indirect),Self-help:Waitlist,Self-help:Waitlist,5,0,0
Mindfulness or meditation group,No treatment,Mindfulness or meditation group:No treatment,Mindfulnessormeditationgroup:Notreatment,-4.131077,-4.131077,TRUE,has_direct(+indirect),Self-help:Waitlist,Self-help:Waitlist,5,0,0
Music therapy group,No treatment,Music therapy group:No treatment,Musictherapygroup:Notreatment,-0.662202,-0.662202,TRUE,has_direct(+indirect),Self-help:Waitlist,Self-help:Waitlist,5,0,0
Any AD,Peer support group,Any AD:Peer support group,AnyAD:Peersupportgroup,0.691078,0.691078,TRUE,has_direct(+indirect),Self-help:Waitlist,Self-help:Waitlist,5,0,0
Any AD,Peer support group + AD,Any AD:Peer support group + AD,AnyAD:Peersupportgroup+AD,0.812017,0.812017,TRUE,has_direct(+indirect),Self-help:Waitlist,Self-help:Waitlist,5,0,0
Peer support group,Peer support group + AD,Peer support group:Peer support group + AD,Peersupportgroup:Peersupportgroup+AD,0.120939,0.120939,TRUE,has_direct(+indirect),Self-help:Waitlist,Self-help:Waitlist,5,0,0
Behavioural therapies individual + AD,Placebo,Behavioural therapies individual + AD:Placebo,Behaviouraltherapiesindividual+AD:Placebo,-0.39447,-0.39447,TRUE,has_direct(+indirect),Self-help:Waitlist,Self-help:Waitlist,5,0,0
Cognitive and cognitive behavioural therapies individual,Placebo,Cognitive and cognitive behavioural therapies individual:Placebo,Cognitiveandcognitivebehaviouraltherapiesindividual:Placebo,-0.380981,-0.380981,TRUE,has_direct(+indirect),Self-help:Waitlist,Self-help:Waitlist,5,0,0
Exercise group,Placebo,Exercise group:Placebo,Exercisegroup:Placebo,-0.158232,-0.158232,TRUE,has_direct(+indirect),Self-help:Waitlist,Self-help:Waitlist,5,0,0
Exercise individual,Placebo,Exercise individual:Placebo,Exerciseindividual:Placebo,-0.143848,-0.143848,TRUE,has_direct(+indirect),Self-help:Waitlist,Self-help:Waitlist,5,0,0
Interpersonal psychotherapy (IPT) individual,Placebo,Interpersonal psychotherapy (IPT) individual:Placebo,Interpersonalpsychotherapy(IPT)individual:Placebo,-0.512859,-0.512859,TRUE,has_direct(+indirect),Self-help:Waitlist,Self-help:Waitlist,5,0,0
Light therapy,Placebo,Light therapy:Placebo,Lighttherapy:Placebo,-0.759993,-0.759993,TRUE,has_direct(+indirect),Self-help:Waitlist,Self-help:Waitlist,5,0,0
Light therapy + AD,Placebo,Light therapy + AD:Placebo,Lighttherapy+AD:Placebo,-1.145496,-1.145496,TRUE,has_direct(+indirect),Self-help:Waitlist,Self-help:Waitlist,5,0,0
Attention placebo,Problem solving individual,Attention placebo:Problem solving individual,Attentionplacebo:Problemsolvingindividual,2.235218,2.235218,TRUE,has_direct(+indirect),Self-help:Waitlist,Self-help:Waitlist,5,0,0
Placebo,Problem solving individual,Placebo:Problem solving individual,Placebo:Problemsolvingindividual,0.91995,0.91995,TRUE,has_direct(+indirect),Self-help:Waitlist,Self-help:Waitlist,5,0,0
No treatment,Psychoeducation group,No treatment:Psychoeducation group,Notreatment:Psychoeducationgroup,1.235563,1.235563,TRUE,has_direct(+indirect),Self-help:Waitlist,Self-help:Waitlist,5,0,0
Any AD,Psychoeducation group + AD,Any AD:Psychoeducation group + AD,AnyAD:Psychoeducationgroup+AD,-0.439349,-0.439349,TRUE,has_direct(+indirect),Self-help:Waitlist,Self-help:Waitlist,5,0,0
Interpersonal psychotherapy (IPT) individual + AD,Psychoeducation group + AD,Interpersonal psychotherapy (IPT) individual + AD:Psychoeducation group + AD,Interpersonalpsychotherapy(IPT)individual+AD:Psychoeducationgroup+AD,-0.125528,-0.125528,TRUE,has_direct(+indirect),Self-help:Waitlist,Self-help:Waitlist,5,0,0
Behavioural therapies individual + AD,Relaxation individual + AD,Behavioural therapies individual + AD:Relaxation individual + AD,Behaviouraltherapiesindividual+AD:Relaxationindividual+AD,0.111352,0.111352,TRUE,has_direct(+indirect),Self-help:Waitlist,Self-help:Waitlist,5,0,0
Placebo,Relaxation individual + AD,Placebo:Relaxation individual + AD,Placebo:Relaxationindividual+AD,0.505822,0.505822,TRUE,has_direct(+indirect),Self-help:Waitlist,Self-help:Waitlist,5,0,0
Behavioural therapies individual + AD,Relaxation individual + placebo,Behavioural therapies individual + AD:Relaxation individual + placebo,Behaviouraltherapiesindividual+AD:Relaxationindividual+placebo,-0.520037,-0.520037,TRUE,has_direct(+indirect),Self-help:Waitlist,Self-help:Waitlist,5,0,0
Placebo,Relaxation individual + placebo,Placebo:Relaxation individual + placebo,Placebo:Relaxationindividual+placebo,-0.125567,-0.125567,TRUE,has_direct(+indirect),Self-help:Waitlist,Self-help:Waitlist,5,0,0
Relaxation individual + AD,Relaxation individual + placebo,Relaxation individual + AD:Relaxation individual + placebo,Relaxationindividual+AD:Relaxationindividual+placebo,-0.631389,-0.631389,TRUE,has_direct(+indirect),Self-help:Waitlist,Self-help:Waitlist,5,0,0
Attention placebo,Self-help,Attention placebo:Self-help,Attentionplacebo:Self-help,0.498046,0.498046,TRUE,has_direct(+indirect),Self-help:Waitlist,Self-help:Waitlist,5,0,0
Counselling individual,Self-help,Counselling individual:Self-help,Counsellingindividual:Self-help,0.426811,0.426811,TRUE,has_direct(+indirect),Self-help:Waitlist,Self-help:Waitlist,5,0,0
No treatment,Self-help,No treatment:Self-help,Notreatment:Self-help,0.149785,0.149785,TRUE,has_direct(+indirect),Self-help:Waitlist,Self-help:Waitlist,5,0,0
No treatment,Self-help with support,No treatment:Self-help with support,Notreatment:Self-helpwithsupport,0.323431,0.323431,TRUE,has_direct(+indirect),Self-help:Waitlist,Self-help:Waitlist,5,0,0
Any psychotherapy,Short-term psychodynamic psychotherapies individual,Any psychotherapy:Short-term psychodynamic psychotherapies individual,Anypsychotherapy:Short-termpsychodynamicpsychotherapiesindividual,0.402246,0.402246,TRUE,has_direct(+indirect),Self-help:Waitlist,Self-help:Waitlist,5,0,0
Self-help with support,Short-term psychodynamic psychotherapies individual,Self-help with support:Short-term psychodynamic psychotherapies individual,Self-helpwithsupport:Short-termpsychodynamicpsychotherapiesindividual,0.531312,0.531312,TRUE,has_direct(+indirect),Self-help:Waitlist,Self-help:Waitlist,5,0,0
Any AD,Short-term psychodynamic psychotherapies individual + AD,Any AD:Short-term psychodynamic psychotherapies individual + AD,AnyAD:Short-termpsychodynamicpsychotherapiesindividual+AD,-0.071328,-0.071328,TRUE,has_direct(+indirect),Self-help:Waitlist,Self-help:Waitlist,5,0,0
Counselling individual + AD,Short-term psychodynamic psychotherapies individual + AD,Counselling individual + AD:Short-term psychodynamic psychotherapies individual + AD,Counsellingindividual+AD:Short-termpsychodynamicpsychotherapiesindividual+AD,0.210896,0.210896,TRUE,has_direct(+indirect),Self-help:Waitlist,Self-help:Waitlist,5,0,0
Cognitive and cognitive behavioural therapies individual,SNRIs,Cognitive and cognitive behavioural therapies individual:SNRIs,Cognitiveandcognitivebehaviouraltherapiesindividual:SNRIs,0.351787,0.351787,TRUE,has_direct(+indirect),Self-help:Waitlist,Self-help:Waitlist,5,0,0
Interpersonal psychotherapy (IPT) individual + AD,SNRIs,Interpersonal psychotherapy (IPT) individual + AD:SNRIs,Interpersonalpsychotherapy(IPT)individual+AD:SNRIs,-0.378872,-0.378872,TRUE,has_direct(+indirect),Self-help:Waitlist,Self-help:Waitlist,5,0,0
Light therapy + AD,SNRIs,Light therapy + AD:SNRIs,Lighttherapy+AD:SNRIs,-0.393374,-0.393374,TRUE,has_direct(+indirect),Self-help:Waitlist,Self-help:Waitlist,5,0,0
Behavioural therapies individual,SSRIs,Behavioural therapies individual:SSRIs,Behaviouraltherapiesindividual:SSRIs,-0.31658,-0.31658,TRUE,has_direct(+indirect),Self-help:Waitlist,Self-help:Waitlist,5,0,0
Cognitive and cognitive behavioural therapies group,SSRIs,Cognitive and cognitive behavioural therapies group:SSRIs,Cognitiveandcognitivebehaviouraltherapiesgroup:SSRIs,0,0,TRUE,has_direct(+indirect),Self-help:Waitlist,Self-help:Waitlist,5,0,0
Cognitive and cognitive behavioural therapies individual,SSRIs,Cognitive and cognitive behavioural therapies individual:SSRIs,Cognitiveandcognitivebehaviouraltherapiesindividual:SSRIs,-0.463198,-0.463198,TRUE,has_direct(+indirect),Self-help:Waitlist,Self-help:Waitlist,5,0,0
Exercise group,SSRIs,Exercise group:SSRIs,Exercisegroup:SSRIs,-0.158232,-0.158232,TRUE,has_direct(+indirect),Self-help:Waitlist,Self-help:Waitlist,5,0,0
Exercise group + AD,SSRIs,Exercise group + AD:SSRIs,Exercisegroup+AD:SSRIs,-2.924879,-2.924879,TRUE,has_direct(+indirect),Self-help:Waitlist,Self-help:Waitlist,5,0,0
Exercise individual + AD,SSRIs,Exercise individual + AD:SSRIs,Exerciseindividual+AD:SSRIs,-0.334269,-0.334269,TRUE,has_direct(+indirect),Self-help:Waitlist,Self-help:Waitlist,5,0,0
Light therapy,SSRIs,Light therapy:SSRIs,Lighttherapy:SSRIs,-0.506662,-0.506662,TRUE,has_direct(+indirect),Self-help:Waitlist,Self-help:Waitlist,5,0,0
Light therapy + AD,SSRIs,Light therapy + AD:SSRIs,Lighttherapy+AD:SSRIs,-0.892165,-0.892165,TRUE,has_direct(+indirect),Self-help:Waitlist,Self-help:Waitlist,5,0,0
Short-term psychodynamic psychotherapies individual,SSRIs,Short-term psychodynamic psychotherapies individual:SSRIs,Short-termpsychodynamicpsychotherapiesindividual:SSRIs,0.035621,0.035621,TRUE,has_direct(+indirect),Self-help:Waitlist,Self-help:Waitlist,5,0,0
Any AD,TAU,Any AD:TAU,AnyAD:TAU,-0.887261,-0.887261,TRUE,has_direct(+indirect),Self-help:Waitlist,Self-help:Waitlist,5,0,0
Cognitive and cognitive behavioural therapies group,TAU,Cognitive and cognitive behavioural therapies group:TAU,Cognitiveandcognitivebehaviouraltherapiesgroup:TAU,-0.177452,-0.177452,TRUE,has_direct(+indirect),Self-help:Waitlist,Self-help:Waitlist,5,0,0
Cognitive and cognitive behavioural therapies individual + AD,TAU,Cognitive and cognitive behavioural therapies individual + AD:TAU,Cognitiveandcognitivebehaviouraltherapiesindividual+AD:TAU,-0.360229,-0.360229,TRUE,has_direct(+indirect),Self-help:Waitlist,Self-help:Waitlist,5,0,0
Counselling individual,TAU,Counselling individual:TAU,Counsellingindividual:TAU,-0.430166,-0.430166,TRUE,has_direct(+indirect),Self-help:Waitlist,Self-help:Waitlist,5,0,0
Exercise group,TAU,Exercise group:TAU,Exercisegroup:TAU,-1.615129,-1.615129,TRUE,has_direct(+indirect),Self-help:Waitlist,Self-help:Waitlist,5,0,0
SSRIs,TAU,SSRIs:TAU,SSRIs:TAU,0.162103,0.162103,TRUE,has_direct(+indirect),Self-help:Waitlist,Self-help:Waitlist,5,0,0
Acupuncture,TCAs,Acupuncture:TCAs,Acupuncture:TCAs,-0.058942,-0.058942,TRUE,has_direct(+indirect),Self-help:Waitlist,Self-help:Waitlist,5,0,0
Behavioural therapies individual + AD,TCAs,Behavioural therapies individual + AD:TCAs,Behaviouraltherapiesindividual+AD:TCAs,-0.29141,-0.29141,TRUE,has_direct(+indirect),Self-help:Waitlist,Self-help:Waitlist,5,0,0
Cognitive and cognitive behavioural therapies individual + placebo,TCAs,Cognitive and cognitive behavioural therapies individual + placebo:TCAs,Cognitiveandcognitivebehaviouraltherapiesindividual+placebo:TCAs,-0.563958,-0.563958,TRUE,has_direct(+indirect),Self-help:Waitlist,Self-help:Waitlist,5,0,0
Interpersonal psychotherapy (IPT) individual,TCAs,Interpersonal psychotherapy (IPT) individual:TCAs,Interpersonalpsychotherapy(IPT)individual:TCAs,-0.014653,-0.014653,TRUE,has_direct(+indirect),Self-help:Waitlist,Self-help:Waitlist,5,0,0
Interpersonal psychotherapy (IPT) individual + placebo,TCAs,Interpersonal psychotherapy (IPT) individual + placebo:TCAs,Interpersonalpsychotherapy(IPT)individual+placebo:TCAs,0.672632,0.672632,TRUE,has_direct(+indirect),Self-help:Waitlist,Self-help:Waitlist,5,0,0
Problem solving individual,TCAs,Problem solving individual:TCAs,Problemsolvingindividual:TCAs,-0.209813,-0.209813,TRUE,has_direct(+indirect),Self-help:Waitlist,Self-help:Waitlist,5,0,0
Relaxation individual + AD,TCAs,Relaxation individual + AD:TCAs,Relaxationindividual+AD:TCAs,-0.402762,-0.402762,TRUE,has_direct(+indirect),Self-help:Waitlist,Self-help:Waitlist,5,0,0
Relaxation individual + placebo,TCAs,Relaxation individual + placebo:TCAs,Relaxationindividual+placebo:TCAs,0.228627,0.228627,TRUE,has_direct(+indirect),Self-help:Waitlist,Self-help:Waitlist,5,0,0
TAU,TCAs,TAU:TCAs,TAU:TCAs,-0.163058,-0.163058,TRUE,has_direct(+indirect),Self-help:Waitlist,Self-help:Waitlist,5,0,0
Mirtazapine,Trazodone,Mirtazapine:Trazodone,Mirtazapine:Trazodone,0,0,TRUE,has_direct(+indirect),Self-help:Waitlist,Self-help:Waitlist,5,0,0
Placebo,Trazodone,Placebo:Trazodone,Placebo:Trazodone,0.344106,0.344106,TRUE,has_direct(+indirect),Self-help:Waitlist,Self-help:Waitlist,5,0,0
Acupuncture,Waitlist,Acupuncture:Waitlist,Acupuncture:Waitlist,0,0,TRUE,has_direct(+indirect),Self-help:Waitlist,Self-help:Waitlist,5,0,0
Problem solving individual,Waitlist,Problem solving individual:Waitlist,Problemsolvingindividual:Waitlist,-0.627924,-0.627924,TRUE,has_direct(+indirect),Self-help:Waitlist,Self-help:Waitlist,5,0,0
Sham acupuncture,Waitlist,Sham acupuncture:Waitlist,Shamacupuncture:Waitlist,0,0,TRUE,has_direct(+indirect),Self-help:Waitlist,Self-help:Waitlist,5,0,0
TCAs,Yoga group,TCAs:Yoga group,TCAs:Yogagroup,0.053892,0.053892,TRUE,has_direct(+indirect),Self-help:Waitlist,Self-help:Waitlist,5,0,0
Waitlist,Yoga group,Waitlist:Yoga group,Waitlist:Yogagroup,1.759679,1.759679,TRUE,has_direct(+indirect),Self-help:Waitlist,Self-help:Waitlist,5,0,0
Any AD,Yoga group + AD,Any AD:Yoga group + AD,AnyAD:Yogagroup+AD,1.19194,1.19194,TRUE,has_direct(+indirect),Self-help:Waitlist,Self-help:Waitlist,5,0,0
