removed_study;component_id;component_reference;model_fit;reason;n_removed_studies;n_remaining_studies;frac_remaining_studies;n_estimable_treatments;max_abs_delta;median_abs_delta;p90_abs_delta
Khoshnab 2017;1;Placebo;TRUE;ok;1;310;0,9968;50;1,2118;0,0126;0,1292
Arean 1993;1;Placebo;TRUE;ok;1;310;0,9968;50;1,0953;0,0000;0,0001
Krejtz 2018;1;Placebo;TRUE;ok;1;310;0,9968;50;0,8540;0,0065;0,0298
Choi 2014a/Choi 2014b;1;Placebo;TRUE;ok;1;310;0,9968;50;0,8312;0,0065;0,0298
Nezu 1989;1;Placebo;TRUE;ok;1;310;0,9968;50;0,7891;0,0000;0,0001
Legrand 2016;1;Placebo;TRUE;ok;1;310;0,9968;50;0,6882;0,0141;0,1403
Moradveisi 2013;1;Placebo;TRUE;ok;1;310;0,9968;50;0,6511;0,0356;0,0544
Kanter 2015;1;Placebo;TRUE;ok;1;310;0,9968;50;0,5705;0,0011;0,0056
Blom 2007;1;Placebo;TRUE;ok;1;310;0,9968;50;0,5636;0,0188;0,1316
Connolly Gibbons 2012;1;Placebo;TRUE;ok;1;310;0,9968;50;0,5576;0,0011;0,0056
Sun 2013;1;Placebo;TRUE;ok;1;310;0,9968;50;0,5351;0,0168;0,0610
Blumenthal 2007/Hoffman 2011;1;Placebo;TRUE;ok;1;310;0,9968;50;0,4093;0,0294;0,0931
Singh 2005;1;Placebo;TRUE;ok;1;310;0,9968;50;0,4086;0,0175;0,0346
Allen 2006;1;Placebo;TRUE;ok;1;310;0,9968;50;0,3886;0,0499;0,1825
McNamara 1986;1;Placebo;TRUE;ok;1;310;0,9968;50;0,3856;0,0140;0,0191
Hersen 1984;1;Placebo;TRUE;ok;1;310;0,9968;50;0,3844;0,0109;0,0599
Ashouri 2013;1;Placebo;TRUE;ok;1;310;0,9968;50;0,3674;0,0272;0,3286
Kramer 2014;1;Placebo;TRUE;ok;1;310;0,9968;50;0,3600;0,0079;0,0801
Wilson 1982;1;Placebo;TRUE;ok;1;310;0,9968;48;0,3195;0,0063;0,0188
Zhao 2019a;1;Placebo;TRUE;ok;1;310;0,9968;50;0,2994;0,0008;0,0028
Miranda 2003/2006;1;Placebo;TRUE;ok;1;310;0,9968;50;0,2923;0,0203;0,2115
DeJonghe 2001/Kool 2003;1;Placebo;TRUE;ok;1;310;0,9968;50;0,2907;0,0029;0,0280
Jacobson 1996;1;Placebo;TRUE;ok;1;310;0,9968;50;0,2777;0,0100;0,0136
Fonagy 2019;1;Placebo;TRUE;ok;1;310;0,9968;50;0,2468;0,0083;0,0287
Qu 2013;1;Placebo;TRUE;ok;1;310;0,9968;50;0,2427;0,0001;0,0003
Andreescu 2011;1;Placebo;TRUE;ok;1;310;0,9968;50;0,2400;0,0035;0,0127
Markkula 2019;1;Placebo;TRUE;ok;1;310;0,9968;50;0,2395;0,0025;0,1034
Janakiramaiah 2000;1;Placebo;TRUE;ok;1;310;0,9968;50;0,2303;0,0043;0,0156
Hopko 2003;1;Placebo;TRUE;ok;1;310;0,9968;50;0,2055;0,0029;0,0280
Umadevi 2013;1;Placebo;TRUE;ok;1;310;0,9968;50;0,2046;0,0043;0,0156
Schmidt 1983;1;Placebo;TRUE;ok;1;310;0,9968;50;0,1987;0,0083;0,0629
Duan 2009;1;Placebo;TRUE;ok;1;310;0,9968;50;0,1953;0,0003;0,0012
Maina 2007;1;Placebo;TRUE;ok;1;310;0,9968;50;0,1932;0,0029;0,0280
Saloheimo 2016;1;Placebo;TRUE;ok;1;310;0,9968;49;0,1912;0,0077;0,0511
Moak 2003;1;Placebo;TRUE;ok;1;310;0,9968;50;0,1869;0,0005;0,0019
Sahranavard 2018;1;Placebo;TRUE;ok;1;310;0,9968;50;0,1850;0,0102;0,0696
Blackburn 1997;1;Placebo;TRUE;ok;1;310;0,9968;50;0,1837;0,0133;0,1470
Murphy 1984;1;Placebo;TRUE;ok;1;310;0,9968;50;0,1700;0,0100;0,0156
Quah-Smith 2005;1;Placebo;TRUE;ok;1;310;0,9968;50;0,1649;0,0025;0,0088
Lam 2013;1;Placebo;TRUE;ok;1;310;0,9968;50;0,1620;0,0144;0,0270
Hemat-Far 2012;1;Placebo;TRUE;ok;1;310;0,9968;50;0,1608;0,0056;0,0239
Roy 2018;1;Placebo;TRUE;ok;1;310;0,9968;50;0,1594;0,0044;0,0197
Tong 2020;1;Placebo;TRUE;ok;1;310;0,9968;50;0,1539;0,0000;0,0002
Zu 2014;1;Placebo;TRUE;ok;1;310;0,9968;50;0,1508;0,0114;0,0284
Kay-Lambkin 2009;1;Placebo;TRUE;ok;1;310;0,9968;50;0,1483;0,0041;0,0315
Scott 1992;1;Placebo;TRUE;ok;1;310;0,9968;50;0,1331;0,0073;0,0181
Solati 2016;1;Placebo;TRUE;ok;1;310;0,9968;50;0,1327;0,0000;0,0002
Husain 2014;1;Placebo;TRUE;ok;1;310;0,9968;50;0,1266;0,0158;0,0288
Judd 2001;1;Placebo;TRUE;ok;1;310;0,9968;50;0,1252;0,0068;0,0345
Ai 2018;1;Placebo;TRUE;ok;1;310;0,9968;50;0,1246;0,0002;0,0005
Marshall 2008;1;Placebo;TRUE;ok;1;310;0,9968;50;0,1233;0,0043;0,0970
Perahia 2006;1;Placebo;TRUE;ok;1;310;0,9968;50;0,1216;0,0085;0,0225
Wang 2014a;1;Placebo;TRUE;ok;1;310;0,9968;50;0,1152;0,0001;0,0003
Kay-Lambkin 2011/2017;1;Placebo;TRUE;ok;1;310;0,9968;50;0,1152;0,0004;0,0262
Alexopoulos 2003b;1;Placebo;TRUE;ok;1;310;0,9968;50;0,1032;0,0044;0,0132
Lam 2016;1;Placebo;TRUE;ok;1;310;0,9968;49;0,1015;0,0013;0,0019
Zhang 2007a;1;Placebo;TRUE;ok;1;310;0,9968;50;0,1000;0,0000;0,0001
Wang 2013;1;Placebo;TRUE;ok;1;310;0,9968;50;0,0934;0,0029;0,0107
Jamison 1995;1;Placebo;TRUE;ok;1;310;0,9968;50;0,0924;0,0020;0,0184
Kinoshita 2009;1;Placebo;TRUE;ok;1;310;0,9968;50;0,0918;0,0096;0,0137
Salminen 2008;1;Placebo;TRUE;ok;1;310;0,9968;50;0,0869;0,0060;0,0113
Elkin 1989/Imber 1990;1;Placebo;TRUE;ok;1;310;0,9968;50;0,0848;0,0102;0,0248
Bowman 1995;1;Placebo;TRUE;ok;1;310;0,9968;50;0,0770;0,0017;0,0153
Hollon 1992;1;Placebo;TRUE;ok;1;310;0,9968;50;0,0767;0,0028;0,0079
Ozdemir 2015;1;Placebo;TRUE;ok;1;310;0,9968;50;0,0746;0,0002;0,0004
Jiahui 2006;1;Placebo;TRUE;ok;1;310;0,9968;50;0,0722;0,0022;0,0082
Thase 2018;1;Placebo;TRUE;ok;1;310;0,9968;50;0,0655;0,0021;0,0103
Hermens 2007;1;Placebo;TRUE;ok;1;310;0,9968;50;0,0625;0,0107;0,0257
Hamamci 2006;1;Placebo;TRUE;ok;1;310;0,9968;50;0,0581;0,0022;0,0134
Wright 2005;1;Placebo;TRUE;ok;1;310;0,9968;50;0,0569;0,0029;0,0205
Mynors-Wallis 1995;1;Placebo;TRUE;ok;1;310;0,9968;50;0,0550;0,0035;0,0133
Quah-Smith 2013;1;Placebo;TRUE;ok;1;310;0,9968;50;0,0514;0,0007;0,0027
Rush 1977/Kovacs 1981;1;Placebo;TRUE;ok;1;310;0,9968;50;0,0500;0,0212;0,0323
Luo 1985;1;Placebo;TRUE;ok;1;310;0,9968;50;0,0463;0,0009;0,0045
Beach 1992;1;Placebo;TRUE;ok;1;310;0,9968;50;0,0422;0,0022;0,0153
Ward 2000/King 2000;1;Placebo;TRUE;ok;1;310;0,9968;50;0,0414;0,0011;0,0056
Lindegaard 2019;1;Placebo;TRUE;ok;1;310;0,9968;50;0,0410;0,0014;0,0102
Detke 2004;1;Placebo;TRUE;ok;1;310;0,9968;50;0,0370;0,0028;0,0069
Moises 1981;1;Placebo;TRUE;ok;1;310;0,9968;50;0,0358;0,0017;0,0024
Schweizer 1991;1;Placebo;TRUE;ok;1;310;0,9968;50;0,0347;0,0088;0,0121
Zhao 2006;1;Placebo;TRUE;ok;1;310;0,9968;50;0,0345;0,0005;0,0009
Hatcher 2018;1;Placebo;TRUE;ok;1;310;0,9968;50;0,0333;0,0008;0,0115
Fudge 1990;1;Placebo;TRUE;ok;1;310;0,9968;50;0,0326;0,0004;0,0008
Smeraldi 1998b;1;Placebo;TRUE;ok;1;310;0,9968;50;0,0311;0,0015;0,0020
Beasley 1991a;1;Placebo;TRUE;ok;1;310;0,9968;50;0,0310;0,0004;0,0009
Feighner 1982;1;Placebo;TRUE;ok;1;310;0,9968;50;0,0289;0,0136;0,0165
Kasper 2005a;1;Placebo;TRUE;ok;1;310;0,9968;50;0,0287;0,0133;0,0219
Choi 2012;1;Placebo;TRUE;ok;1;310;0,9968;50;0,0285;0,0010;0,0070
Van Moffaert 1995b;1;Placebo;TRUE;ok;1;310;0,9968;50;0,0275;0,0001;0,0004
Kennedy 2007;1;Placebo;TRUE;ok;1;310;0,9968;50;0,0267;0,0127;0,0174
Naeem 2014;1;Placebo;TRUE;ok;1;310;0,9968;50;0,0265;0,0003;0,0052
E-1569;1;Placebo;TRUE;ok;1;310;0,9968;50;0,0251;0,0005;0,0012
Munizza 2006;1;Placebo;TRUE;ok;1;310;0,9968;50;0,0250;0,0003;0,0008
Guelfi 2001;1;Placebo;TRUE;ok;1;310;0,9968;50;0,0249;0,0004;0,0014
MIR 003-003 (FDA);1;Placebo;TRUE;ok;1;310;0,9968;50;0,0241;0,0027;0,0031
Naeem 2015;1;Placebo;TRUE;ok;1;310;0,9968;50;0,0239;0,0016;0,0080
Arean 2010;1;Placebo;TRUE;ok;1;310;0,9968;50;0,0234;0,0009;0,0030
MIR 003-021 (FDA);1;Placebo;TRUE;ok;1;310;0,9968;50;0,0226;0,0013;0,0020
White 1984;1;Placebo;TRUE;ok;1;310;0,9968;50;0,0207;0,0105;0,0119
Blashki 1971;1;Placebo;TRUE;ok;1;310;0,9968;50;0,0199;0,0098;0,0113
Wheatley 1998;1;Placebo;TRUE;ok;1;310;0,9968;50;0,0192;0,0004;0,0010
Khan 1991;1;Placebo;TRUE;ok;1;310;0,9968;50;0,0179;0,0050;0,0058
Levin 2013;1;Placebo;TRUE;ok;1;310;0,9968;50;0,0173;0,0050;0,0060
Fu 2003;1;Placebo;TRUE;ok;1;310;0,9968;50;0,0172;0,0007;0,0020
Quilty 2014;1;Placebo;TRUE;ok;1;310;0,9968;50;0,0163;0,0011;0,0130
Zhang 2019;1;Placebo;TRUE;ok;1;310;0,9968;50;0,0153;0,0003;0,0008
Burke 2002;1;Placebo;TRUE;ok;1;310;0,9968;50;0,0153;0,0090;0,0132
Sheehan 2009a;1;Placebo;TRUE;ok;1;310;0,9968;50;0,0144;0,0007;0,0014
Versiani 2005;1;Placebo;TRUE;ok;1;310;0,9968;50;0,0142;0,0003;0,0009
Jefferson 2000;1;Placebo;TRUE;ok;1;310;0,9968;50;0,0135;0,0083;0,0120
Tsutsui 2000;1;Placebo;TRUE;ok;1;310;0,9968;50;0,0130;0,0003;0,0007
Hewett 2009;1;Placebo;TRUE;ok;1;310;0,9968;50;0,0128;0,0036;0,0042
Mahableshwarkar 2015a;1;Placebo;TRUE;ok;1;310;0,9968;50;0,0127;0,0036;0,0042
Higuchi 2016;1;Placebo;TRUE;ok;1;310;0,9968;50;0,0126;0,0033;0,0043
Mohr 2011;1;Placebo;TRUE;ok;1;310;0,9968;50;0,0124;0,0007;0,0040
Hoyberg 1996;1;Placebo;TRUE;ok;1;310;0,9968;50;0,0120;0,0012;0,0015
Robinson 2014;1;Placebo;TRUE;ok;1;310;0,9968;50;0,0120;0,0034;0,0039
Nemeroff 2007;1;Placebo;TRUE;ok;1;310;0,9968;50;0,0119;0,0044;0,0051
Goldstein 2004;1;Placebo;TRUE;ok;1;310;0,9968;50;0,0118;0,0044;0,0050
VEN 600A-303 (FDA);1;Placebo;TRUE;ok;1;310;0,9968;50;0,0117;0,0033;0,0038
Versiani 1989;1;Placebo;TRUE;ok;1;310;0,9968;50;0,0116;0,0057;0,0065
Brannan 2005;1;Placebo;TRUE;ok;1;310;0,9968;50;0,0114;0,0032;0,0036
Rickels 1994;1;Placebo;TRUE;ok;1;310;0,9968;50;0,0113;0,0056;0,0064
Bakish 1992b;1;Placebo;TRUE;ok;1;310;0,9968;50;0,0109;0,0054;0,0061
Tylee 1997;1;Placebo;TRUE;ok;1;310;0,9968;50;0,0106;0,0014;0,0031
Fabre 1995a;1;Placebo;TRUE;ok;1;310;0,9968;50;0,0104;0,0068;0,0093
Hashemi 2012;1;Placebo;TRUE;ok;1;310;0,9968;50;0,0104;0,0028;0,0046
Higuchi 2011;1;Placebo;TRUE;ok;1;310;0,9968;50;0,0100;0,0064;0,0089
Study F1J-MC-HMAQ - Study Group B;1;Placebo;TRUE;ok;1;310;0,9968;50;0,0095;0,0036;0,0042
Dubey 2012;1;Placebo;TRUE;ok;1;310;0,9968;50;0,0094;0,0028;0,0044
Forest Research Institute 2005;1;Placebo;TRUE;ok;1;310;0,9968;50;0,0093;0,0061;0,0083
Baldwin 2012;1;Placebo;TRUE;ok;1;310;0,9968;50;0,0092;0,0025;0,0031
Eli Lilly HMAT-A;1;Placebo;TRUE;ok;1;310;0,9968;50;0,0092;0,0015;0,0023
VEN 600A-313 (FDA);1;Placebo;TRUE;ok;1;310;0,9968;50;0,0091;0,0026;0,0029
Farabaugh 2015;1;Placebo;TRUE;ok;1;310;0,9968;50;0,0089;0,0041;0,0056
Nierenberg 2007;1;Placebo;TRUE;ok;1;310;0,9968;50;0,0088;0,0027;0,0043
Wernicke 1987;1;Placebo;TRUE;ok;1;310;0,9968;50;0,0086;0,0057;0,0073
Golden 2002_449;1;Placebo;TRUE;ok;1;310;0,9968;50;0,0086;0,0057;0,0075
Suleman 1997;1;Placebo;TRUE;ok;1;310;0,9968;50;0,0085;0,0022;0,0038
Connolly Gibbons 2016;1;Placebo;TRUE;ok;1;310;0,9968;50;0,0082;0,0002;0,0008
Benkert 2000;1;Placebo;TRUE;ok;1;310;0,9968;50;0,0080;0,0004;0,0008
Schatzberg 2002;1;Placebo;TRUE;ok;1;310;0,9968;50;0,0080;0,0003;0,0008
VEN XR 367 (FDA);1;Placebo;TRUE;ok;1;310;0,9968;50;0,0078;0,0050;0,0058
MY-1045/BRL-029060/1 (PAR 128);1;Placebo;TRUE;ok;1;310;0,9968;50;0,0078;0,0051;0,0069
003-008 (FDA);1;Placebo;TRUE;ok;1;310;0,9968;50;0,0077;0,0008;0,0011
Hong 2003;1;Placebo;TRUE;ok;1;310;0,9968;50;0,0076;0,0002;0,0005
Higuchi 2009;1;Placebo;TRUE;ok;1;310;0,9968;50;0,0076;0,0028;0,0037
Golden 2002_448;1;Placebo;TRUE;ok;1;310;0,9968;50;0,0074;0,0050;0,0063
Mahableshwarkar 2013;1;Placebo;TRUE;ok;1;310;0,9968;50;0,0073;0,0019;0,0025
Wernicke 1988;1;Placebo;TRUE;ok;1;310;0,9968;50;0,0072;0,0048;0,0060
MDF/29060/III/070/88/MC;1;Placebo;TRUE;ok;1;310;0,9968;50;0,0071;0,0018;0,0031
Wade 2007;1;Placebo;TRUE;ok;1;310;0,9968;50;0,0070;0,0009;0,0017
Mullin 1996;1;Placebo;TRUE;ok;1;310;0,9968;50;0,0070;0,0007;0,0010
Kim 2011;1;Placebo;TRUE;ok;1;310;0,9968;50;0,0069;0,0002;0,0004
Montgomery 1992;1;Placebo;TRUE;ok;1;310;0,9968;50;0,0068;0,0046;0,0055
Hewett 2010;1;Placebo;TRUE;ok;1;310;0,9968;50;0,0068;0,0017;0,0025
Detke 2002a;1;Placebo;TRUE;ok;1;310;0,9968;50;0,0067;0,0017;0,0023
Goldstein 2002;1;Placebo;TRUE;ok;1;310;0,9968;50;0,0066;0,0047;0,0055
Silverstone 1994;1;Placebo;TRUE;ok;1;310;0,9968;50;0,0062;0,0030;0,0035
Chiu 1996;1;Placebo;TRUE;ok;1;310;0,9968;50;0,0061;0,0016;0,0027
Georgotas 1982;1;Placebo;TRUE;ok;1;310;0,9968;50;0,0061;0,0030;0,0034
Philipp 1999;1;Placebo;TRUE;ok;1;310;0,9968;50;0,0060;0,0029;0,0034
Kang 2009;1;Placebo;TRUE;ok;1;310;0,9968;50;0,0060;0,0002;0,0004
Fava 2005;1;Placebo;TRUE;ok;1;310;0,9968;50;0,0059;0,0041;0,0049
Forest Laboratories 2010;1;Placebo;TRUE;ok;1;310;0,9968;50;0,0059;0,0040;0,0048
Schweizer 1994;1;Placebo;TRUE;ok;1;310;0,9968;50;0,0059;0,0025;0,0033
Leinonen 1999;1;Placebo;TRUE;ok;1;310;0,9968;50;0,0058;0,0003;0,0008
Forest Laboratories 2000;1;Placebo;TRUE;ok;1;310;0,9968;50;0,0058;0,0039;0,0047
Katz 1990;1;Placebo;TRUE;ok;1;310;0,9968;50;0,0057;0,0028;0,0032
Raskin 2007;1;Placebo;TRUE;ok;1;310;0,9968;50;0,0056;0,0014;0,0020
Bjerkenstedt 2005;1;Placebo;TRUE;ok;1;310;0,9968;50;0,0055;0,0038;0,0046
Bielski 2004;1;Placebo;TRUE;ok;1;310;0,9968;50;0,0054;0,0007;0,0014
Paslakis 2010;1;Placebo;TRUE;ok;1;310;0,9968;50;0,0054;0,0001;0,0004
Mulsant 1999;1;Placebo;TRUE;ok;1;310;0,9968;50;0,0052;0,0013;0,0023
Zivkov 1995;1;Placebo;TRUE;ok;1;310;0,9968;50;0,0051;0,0005;0,0011
FDA 244 (EMD 68 843-009);1;Placebo;TRUE;ok;1;310;0,9968;50;0,0050;0,0034;0,0041
Boulenger 2014;1;Placebo;TRUE;ok;1;310;0,9968;50;0,0050;0,0015;0,0020
Stark 1985;1;Placebo;TRUE;ok;1;310;0,9968;50;0,0050;0,0022;0,0032
Freed 1999;1;Placebo;TRUE;ok;1;310;0,9968;50;0,0050;0,0009;0,0023
Study 89306 (FDA);1;Placebo;TRUE;ok;1;310;0,9968;50;0,0049;0,0035;0,0041
Staner 1995;1;Placebo;TRUE;ok;1;310;0,9968;50;0,0049;0,0013;0,0022
Ratti 2011_study 096;1;Placebo;TRUE;ok;1;310;0,9968;50;0,0049;0,0033;0,0039
Sir 2005;1;Placebo;TRUE;ok;1;310;0,9968;50;0,0049;0,0006;0,0012
Andreoli 2002/Dubini 1997/Massana 1998_study 1;1;Placebo;TRUE;ok;1;310;0,9968;50;0,0048;0,0034;0,0040
Roose 2004;1;Placebo;TRUE;ok;1;310;0,9968;50;0,0048;0,0032;0,0039
29060 07 001;1;Placebo;TRUE;ok;1;310;0,9968;50;0,0046;0,0026;0,0030
NKD20006 (NCT00048204);1;Placebo;TRUE;ok;1;310;0,9968;50;0,0046;0,0031;0,0038
McCallum 1975;1;Placebo;TRUE;ok;1;310;0,9968;50;0,0046;0,0023;0,0026
Amsterdam 1986;1;Placebo;TRUE;ok;1;310;0,9968;50;0,0046;0,0024;0,0027
Rickels 1992;1;Placebo;TRUE;ok;1;310;0,9968;50;0,0046;0,0031;0,0037
Preskorn 1991;1;Placebo;TRUE;ok;1;310;0,9968;50;0,0046;0,0011;0,0020
Mendels 1993;1;Placebo;TRUE;ok;1;310;0,9968;50;0,0045;0,0012;0,0015
NCT01020799;1;Placebo;TRUE;ok;1;310;0,9968;50;0,0045;0,0030;0,0036
Gual 2003;1;Placebo;TRUE;ok;1;310;0,9968;50;0,0045;0,0030;0,0036
Sheehan 2009b;1;Placebo;TRUE;ok;1;310;0,9968;50;0,0044;0,0030;0,0041
Clerc 1994;1;Placebo;TRUE;ok;1;310;0,9968;50;0,0044;0,0006;0,0012
Valle-Cabrera 2018;1;Placebo;TRUE;ok;1;310;0,9968;50;0,0044;0,0030;0,0036
Komulainen 2018;1;Placebo;TRUE;ok;1;310;0,9968;50;0,0042;0,0028;0,0034
Mowla 2016;1;Placebo;TRUE;ok;1;310;0,9968;50;0,0042;0,0005;0,0010
Miller 1989a;1;Placebo;TRUE;ok;1;310;0,9968;50;0,0042;0,0028;0,0034
Fawcett 1989;1;Placebo;TRUE;ok;1;310;0,9968;50;0,0040;0,0010;0,0018
Ropert 1989;1;Placebo;TRUE;ok;1;310;0,9968;50;0,0040;0,0009;0,0019
Fagiolini 2020;1;Placebo;TRUE;ok;1;310;0,9968;50;0,0040;0,0002;0,0008
Study 62b (FDA);1;Placebo;TRUE;ok;1;310;0,9968;50;0,0040;0,0028;0,0033
Kheirabadi 2020;1;Placebo;TRUE;ok;1;310;0,9968;50;0,0040;0,0018;0,0026
Diaz-Martinez 1998;1;Placebo;TRUE;ok;1;310;0,9968;50;0,0039;0,0005;0,0010
Detke 2002b;1;Placebo;TRUE;ok;1;310;0,9968;50;0,0039;0,0012;0,0017
M/2020/0046 (Study 046);1;Placebo;TRUE;ok;1;310;0,9968;50;0,0039;0,0025;0,0035
Hieronymus 2016_PZ/109;1;Placebo;TRUE;ok;1;310;0,9968;50;0,0038;0,0025;0,0032
FDA 245 (EMD 68 843-010);1;Placebo;TRUE;ok;1;310;0,9968;50;0,0038;0,0025;0,0032
Clayton 2006_study 2;1;Placebo;TRUE;ok;1;310;0,9968;50;0,0037;0,0025;0,0033
Bhargava 2012;1;Placebo;TRUE;ok;1;310;0,9968;50;0,0037;0,0010;0,0017
MIR 003-020 (FDA);1;Placebo;TRUE;ok;1;310;0,9968;50;0,0037;0,0016;0,0021
Tollefson 1993/1995;1;Placebo;TRUE;ok;1;310;0,9968;50;0,0037;0,0018;0,0029
Baune 2018;1;Placebo;TRUE;ok;1;310;0,9968;50;0,0036;0,0026;0,0030
DeNayer 2002;1;Placebo;TRUE;ok;1;310;0,9968;50;0,0036;0,0005;0,0011
Macias-Cortes 2015;1;Placebo;TRUE;ok;1;310;0,9968;50;0,0036;0,0025;0,0030
SER 315 (FDA);1;Placebo;TRUE;ok;1;310;0,9968;50;0,0035;0,0022;0,0031
Bose 2008;1;Placebo;TRUE;ok;1;310;0,9968;50;0,0035;0,0023;0,0031
Kasper 2005b;1;Placebo;TRUE;ok;1;310;0,9968;50;0,0035;0,0001;0,0003
Mathews 2015;1;Placebo;TRUE;ok;1;310;0,9968;50;0,0035;0,0018;0,0028
WELL AK1A4006;1;Placebo;TRUE;ok;1;310;0,9968;50;0,0034;0,0022;0,0030
Kranzler 2006_Group A;1;Placebo;TRUE;ok;1;310;0,9968;50;0,0033;0,0022;0,0029
M/2020/0046 (Study 047);1;Placebo;TRUE;ok;1;310;0,9968;50;0,0033;0,0018;0,0027
McKnight 1992;1;Placebo;TRUE;ok;1;310;0,9968;50;0,0032;0,0014;0,0020
Guelfi 1995;1;Placebo;TRUE;ok;1;310;0,9968;50;0,0031;0,0009;0,0012
Deushle 2003;1;Placebo;TRUE;ok;1;310;0,9968;50;0,0031;0,0008;0,0014
Bersani 1994;1;Placebo;TRUE;ok;1;310;0,9968;50;0,0031;0,0007;0,0014
Richou 1995;1;Placebo;TRUE;ok;1;310;0,9968;50;0,0030;0,0003;0,0007
Katona 2012;1;Placebo;TRUE;ok;1;310;0,9968;50;0,0029;0,0006;0,0012
Beasley 1993b;1;Placebo;TRUE;ok;1;310;0,9968;50;0,0029;0,0005;0,0013
Doogan 1994;1;Placebo;TRUE;ok;1;310;0,9968;50;0,0028;0,0019;0,0023
Tollefson 1994;1;Placebo;TRUE;ok;1;310;0,9968;50;0,0028;0,0005;0,0013
Reimherr 1990;1;Placebo;TRUE;ok;1;310;0,9968;50;0,0027;0,0008;0,0012
Zhang 2014;1;Placebo;TRUE;ok;1;310;0,9968;50;0,0027;0,0004;0,0010
Dube 2010;1;Placebo;TRUE;ok;1;310;0,9968;50;0,0027;0,0018;0,0024
Demyttenaere 1998;1;Placebo;TRUE;ok;1;310;0,9968;50;0,0026;0,0007;0,0012
Cutler 2009;1;Placebo;TRUE;ok;1;310;0,9968;50;0,0026;0,0006;0,0011
Clayton 2006_study 1;1;Placebo;TRUE;ok;1;310;0,9968;50;0,0026;0,0016;0,0023
MY-1042/BRL-029060/CPMS-251;1;Placebo;TRUE;ok;1;310;0,9968;50;0,0025;0,0016;0,0023
Godlewska 2012;1;Placebo;TRUE;ok;1;310;0,9968;50;0,0025;0,0017;0,0021
Wang 2014c;1;Placebo;TRUE;ok;1;310;0,9968;50;0,0025;0,0014;0,0021
Mehtonen 2000;1;Placebo;TRUE;ok;1;310;0,9968;50;0,0025;0,0004;0,0008
Akhondzadeh 2003;1;Placebo;TRUE;ok;1;310;0,9968;50;0,0025;0,0007;0,0011
Khan 2007;1;Placebo;TRUE;ok;1;310;0,9968;50;0,0025;0,0003;0,0007
Loo 2002;1;Placebo;TRUE;ok;1;310;0,9968;50;0,0025;0,0014;0,0021
Carman 1991;1;Placebo;TRUE;ok;1;310;0,9968;50;0,0024;0,0013;0,0016
Hunter 2011;1;Placebo;TRUE;ok;1;310;0,9968;50;0,0024;0,0016;0,0019
Tzanakaki 2000;1;Placebo;TRUE;ok;1;310;0,9968;50;0,0024;0,0004;0,0007
Moller 1998;1;Placebo;TRUE;ok;1;310;0,9968;50;0,0024;0,0007;0,0011
Hwang 2004;1;Placebo;TRUE;ok;1;310;0,9968;50;0,0024;0,0004;0,0007
Samuelian 1998;1;Placebo;TRUE;ok;1;310;0,9968;50;0,0024;0,0008;0,0011
Forest Research Institute 2003;1;Placebo;TRUE;ok;1;310;0,9968;50;0,0023;0,0013;0,0019
Fava 1998a;1;Placebo;TRUE;ok;1;310;0,9968;50;0,0023;0,0016;0,0019
Alves 1999;1;Placebo;TRUE;ok;1;310;0,9968;50;0,0023;0,0004;0,0006
Wade 2002;1;Placebo;TRUE;ok;1;310;0,9968;50;0,0023;0,0009;0,0015
Fabre 1992;1;Placebo;TRUE;ok;1;310;0,9968;50;0,0022;0,0004;0,0010
PAR 01 001 (GSK & FDA);1;Placebo;TRUE;ok;1;310;0,9968;50;0,0020;0,0014;0,0017
GSK_29060/103;1;Placebo;TRUE;ok;1;310;0,9968;50;0,0020;0,0004;0,0009
Lee 2007;1;Placebo;TRUE;ok;1;310;0,9968;50;0,0020;0,0005;0,0013
Navarro 2001;1;Placebo;TRUE;ok;1;310;0,9968;50;0,0020;0,0005;0,0009
Keller 2006_Study 062;1;Placebo;TRUE;ok;1;310;0,9968;50;0,0020;0,0008;0,0013
Forlenza 2001;1;Placebo;TRUE;ok;1;310;0,9968;50;0,0019;0,0004;0,0009
Rapaport 2009;1;Placebo;TRUE;ok;1;310;0,9968;50;0,0019;0,0006;0,0011
Katz 1993_Protocol 01;1;Placebo;TRUE;ok;1;310;0,9968;50;0,0019;0,0010;0,0015
Schweizer 1998;1;Placebo;TRUE;ok;1;310;0,9968;50;0,0018;0,0010;0,0013
Sramek 1995;1;Placebo;TRUE;ok;1;310;0,9968;50;0,0017;0,0011;0,0015
Emsley 2018;1;Placebo;TRUE;ok;1;310;0,9968;50;0,0017;0,0012;0,0016
Noguera 1991;1;Placebo;TRUE;ok;1;310;0,9968;50;0,0017;0,0003;0,0008
Sneed 2014;1;Placebo;TRUE;ok;1;310;0,9968;50;0,0016;0,0004;0,0008
Moller 1993;1;Placebo;TRUE;ok;1;310;0,9968;50;0,0016;0,0005;0,0009
Katz 1993_Protocol 03;1;Placebo;TRUE;ok;1;310;0,9968;50;0,0016;0,0007;0,0010
Claghorn 1992b;1;Placebo;TRUE;ok;1;310;0,9968;50;0,0016;0,0011;0,0013
Mendels 1999;1;Placebo;TRUE;ok;1;310;0,9968;50;0,0016;0,0008;0,0013
Owens 2008;1;Placebo;TRUE;ok;1;310;0,9968;50;0,0015;0,0002;0,0005
Costa 1998;1;Placebo;TRUE;ok;1;310;0,9968;50;0,0015;0,0004;0,0011
Allard 2004;1;Placebo;TRUE;ok;1;310;0,9968;50;0,0015;0,0002;0,0005
Nyth 1992;1;Placebo;TRUE;ok;1;310;0,9968;50;0,0014;0,0010;0,0012
Benkert 1996;1;Placebo;TRUE;ok;1;310;0,9968;50;0,0013;0,0004;0,0008
29060/299;1;Placebo;TRUE;ok;1;310;0,9968;50;0,0013;0,0002;0,0005
Moller 2000;1;Placebo;TRUE;ok;1;310;0,9968;50;0,0012;0,0004;0,0009
Gentil 2000;1;Placebo;TRUE;ok;1;310;0,9968;50;0,0012;0,0004;0,0007
Versiani 1999;1;Placebo;TRUE;ok;1;310;0,9968;50;0,0011;0,0003;0,0007
Claghorn 1992a;1;Placebo;TRUE;ok;1;310;0,9968;50;0,0011;0,0008;0,0009
Dierick 1996;1;Placebo;TRUE;ok;1;310;0,9968;50;0,0010;0,0002;0,0007
Sauer 2003;1;Placebo;TRUE;ok;1;310;0,9968;50;0,0010;0,0003;0,0007
Serrano-Blanco 2006;1;Placebo;TRUE;ok;1;310;0,9968;50;0,0010;0,0001;0,0005
Rickhi 2011;1;Placebo;TRUE;ok;1;310;0,9968;50;0,0010;0,0001;0,0003
Chang 2015;1;Placebo;TRUE;ok;1;310;0,9968;50;0,0009;0,0002;0,0004
Mundt 2012;1;Placebo;TRUE;ok;1;310;0,9968;50;0,0009;0,0005;0,0007
Khan 1995;1;Placebo;TRUE;ok;1;310;0,9968;50;0,0009;0,0001;0,0003
Montgomery 2004;1;Placebo;TRUE;ok;1;310;0,9968;50;0,0009;0,0001;0,0007
Hao 2014;1;Placebo;TRUE;ok;1;310;0,9968;50;0,0009;0,0002;0,0006
Olie 1997;1;Placebo;TRUE;ok;1;310;0,9968;50;0,0009;0,0002;0,0008
Binnemann 2008;1;Placebo;TRUE;ok;1;310;0,9968;50;0,0008;0,0005;0,0007
Heller 2009;1;Placebo;TRUE;ok;1;310;0,9968;50;0,0008;0,0001;0,0003
Kasper 2012;1;Placebo;TRUE;ok;1;310;0,9968;50;0,0007;0,0002;0,0007
Miura 2000;1;Placebo;TRUE;ok;1;310;0,9968;50;0,0007;0,0002;0,0006
Shelton 2006;1;Placebo;TRUE;ok;1;310;0,9968;50;0,0006;0,0002;0,0004
Cohn 1990b;1;Placebo;TRUE;ok;1;310;0,9968;50;0,0005;0,0001;0,0005
Marchesi 1998;1;Placebo;TRUE;ok;1;310;0,9968;50;0,0005;0,0001;0,0004
De Ronchi 1998;1;Placebo;TRUE;ok;1;310;0,9968;50;0,0005;0,0001;0,0003
Basterzi 2009;1;Placebo;TRUE;ok;1;310;0,9968;50;0,0005;0,0001;0,0002
Spring 1992;1;Placebo;TRUE;ok;1;310;0,9968;50;0,0001;0,0000;0,0001
Murri 2015;1;Placebo;TRUE;ok;1;310;0,9968;49;0,0000;0,0000;0,0000
Cornelius 1997;1;Placebo;TRUE;ok;1;310;0,9968;49;0,0000;0,0000;0,0000
Hojatifar 2017;1;Placebo;TRUE;ok;1;310;0,9968;49;0,0000;0,0000;0,0000
Gater 2010;1;Placebo;TRUE;ok;1;310;0,9968;48;0,0000;0,0000;0,0000
Albornoz 2011;1;Placebo;TRUE;ok;1;310;0,9968;49;0,0000;0,0000;0,0000
Sharma 2005;1;Placebo;TRUE;ok;1;310;0,9968;49;0,0000;0,0000;0,0000
Hamdan-Mansour 2009;1;Placebo;TRUE;ok;1;310;0,9968;49;0,0000;0,0000;0,0000
