comparison,TE,seTE,lower,upper,statistic,p,z,comp_key
Acupuncture:SSRIs,-1.5138880386707494,0.5539573302560366,-2.599624454944541,-0.4281516223969577,-2.7328603774789606,0.0062786942193875156,-2.7328603774789606,Acupuncture : SSRIs
Acupuncture:TCAs,0.2783168341384927,0.7097254346387617,-1.112719456665516,1.6693531249425015,0.3921471889761866,0.6949494623407797,0.3921471889761866,Acupuncture : TCAs
Any AD:Cognitive and cognitive behavioural therapies group,-1.5024926320938206,0.7291253762567633,-2.9315521097712924,-0.0734331544163489,-2.0606780137147687,0.03933376853358028,-2.0606780137147687,Any AD : Cognitive and cognitive behavioural therapies group
Any AD:Cognitive and cognitive behavioural therapies individual,-1.2265609881489374,0.49741403239998255,-2.2014745770577426,-0.25164739924013235,-2.46587532368333,0.013667889891423484,-2.46587532368333,Any AD : Cognitive and cognitive behavioural therapies individual
Any AD:Cognitive and cognitive behavioural therapies individual + AD,4.74013249140852,0.9640807365218393,2.8505689696368663,6.629696013180174,4.916738102775215,8.799815123043587e-7,4.916738102775215,Any AD : Cognitive and cognitive behavioural therapies individual + AD
Any AD:Exercise individual + AD,1.9107475494602009,0.9570448687274292,0.034974075165576046,3.7865210237548257,1.9965078042797495,0.045878677127693605,1.9965078042797495,Any AD : Exercise individual + AD
Any AD:Interpersonal psychotherapy (IPT) individual + AD,0.12834145473463512,0.79944759913118,-1.4385470470894919,1.695229956558762,0.1605376698536758,0.872457550166427,0.1605376698536758,Any AD : Interpersonal psychotherapy (IPT) individual + AD
Any AD:Interpersonal psychotherapy (IPT) individual + placebo,1.326013447860529,0.8801098274806701,-0.3989701164413444,3.0509970121624024,1.5066454281691932,0.1319015664982341,1.5066454281691932,Any AD : Interpersonal psychotherapy (IPT) individual + placebo
Any AD:Peer support group,NA,NA,NA,NA,NA,NA,NA,Any AD : Peer support group
Any AD:Peer support group + AD,NA,NA,NA,NA,NA,NA,NA,Any AD : Peer support group + AD
Any AD:Psychoeducation group + AD,-1.4276647054202853,1.5633786509252336,-4.49183055543256,1.636501144591989,-0.9131918902534389,0.361141628399433,-0.9131918902534389,Any AD : Psychoeducation group + AD
Any AD:TAU,-0.8150191460122702,0.7128603704287795,-2.2121997980585597,0.5821615060340191,-1.1433082547737128,0.2529106288985417,-1.1433082547737128,Any AD : TAU
Behavioural therapies individual:SSRIs,-1.8083645459666582,0.7611231617131036,-3.300138530723596,-0.3165905612097202,-2.375915800402747,0.01750545688153671,-2.375915800402747,Behavioural therapies individual : SSRIs
Behavioural therapies individual + AD:Placebo,0.8501791123909093,1.1206532340065654,-1.3462608654202959,3.0466190902021144,0.7586460169764954,0.4480643375123252,0.7586460169764954,Behavioural therapies individual + AD : Placebo
Behavioural therapies individual + AD:TCAs,-0.45247283239863556,1.1125286098989486,-2.6329888395709857,1.7280431747737146,-0.4067066935381858,0.6842234237523017,-0.4067066935381858,Behavioural therapies individual + AD : TCAs
Cognitive and cognitive behavioural therapies group:SSRIs,0.558526220498002,0.7107326964564268,-0.8344842671916327,1.951536708187637,0.7858456819036239,0.43195790007118895,0.7858456819036239,Cognitive and cognitive behavioural therapies group : SSRIs
Cognitive and cognitive behavioural therapies individual:Cognitive and cognitive behavioural therapies individual + AD,-0.6431406332588925,0.5587244872701465,-1.7382205055889872,0.45193923907120226,-1.1510872494620596,0.2496963430065834,-1.1510872494620596,Cognitive and cognitive behavioural therapies individual : Cognitive and cognitive behavioural therapies individual + AD
Cognitive and cognitive behavioural therapies individual:Cognitive and cognitive behavioural therapies individual + placebo,0.42658990654819584,0.9029118603639654,-1.3430848209792345,2.196264634075626,0.47246018717290594,0.6365983528126338,0.47246018717290594,Cognitive and cognitive behavioural therapies individual : Cognitive and cognitive behavioural therapies individual + placebo
Cognitive and cognitive behavioural therapies individual:Counselling individual,-0.062285458729792575,0.5892562151708192,-1.2172064181309825,1.0926355006713975,-0.10570182736509054,0.9158189304481408,-0.10570182736509054,Cognitive and cognitive behavioural therapies individual : Counselling individual
Cognitive and cognitive behavioural therapies individual:Interpersonal psychotherapy (IPT) individual,0.5404073273033693,0.6526774803011837,-0.7388170276073011,1.8196316822140397,0.8279852509297451,0.40767885274481147,0.8279852509297451,Cognitive and cognitive behavioural therapies individual : Interpersonal psychotherapy (IPT) individual
Cognitive and cognitive behavioural therapies individual:No treatment,-0.25217623027280256,0.46325015528607716,-1.160129850466101,0.6557773899204958,-0.5443629697589043,0.5861917225970441,-0.5443629697589043,Cognitive and cognitive behavioural therapies individual : No treatment
Cognitive and cognitive behavioural therapies individual:Placebo,0.5113354195838172,0.6260343583344505,-0.7156693758363483,1.7383402150039826,0.8167849140807749,0.41405135491071715,0.8167849140807749,Cognitive and cognitive behavioural therapies individual : Placebo
Cognitive and cognitive behavioural therapies individual:Self-help,-0.30887443929098346,0.5525932698043835,-1.3919373462067999,0.774188467624833,-0.5589543994995164,0.5761928417042221,-0.5589543994995164,Cognitive and cognitive behavioural therapies individual : Self-help
Cognitive and cognitive behavioural therapies individual:SSRIs,-0.15653768190054917,0.43449728141490307,-1.0081367048543237,0.6950613410532253,-0.36027309858141726,0.7186429146938511,-0.36027309858141726,Cognitive and cognitive behavioural therapies individual : SSRIs
Cognitive and cognitive behavioural therapies individual:Waitlist,-0.42694712541250057,0.5169968500847187,-1.4402423316992026,0.5863480808742014,-0.8258215216253987,0.408905343740592,-0.8258215216253987,Cognitive and cognitive behavioural therapies individual : Waitlist
Cognitive and cognitive behavioural therapies individual + AD:SSRIs,0.7822120226985079,0.5586828349855352,-0.31278621265387496,1.8772102580508907,1.400100331915084,0.16148327569088064,1.400100331915084,Cognitive and cognitive behavioural therapies individual + AD : SSRIs
Cognitive and cognitive behavioural therapies individual + AD:TCAs,0.6694668474539229,0.5695116471678437,-0.44675546977113334,1.7856891646789792,1.1755103706537908,0.23979059060231606,1.1755103706537908,Cognitive and cognitive behavioural therapies individual + AD : TCAs
Cognitive and cognitive behavioural therapies individual + placebo:TCAs,0.2133373692986087,0.9017186093756155,-1.5539986292671388,1.9806733678643562,0.23658973773019018,0.8129750823126515,0.23658973773019018,Cognitive and cognitive behavioural therapies individual + placebo : TCAs
Exercise group:Placebo,1.160412443844303,0.7604360838484744,-0.33001489304338705,2.6508397807319932,1.5259828781027815,0.127014128640749,1.5259828781027815,Exercise group : Placebo
Exercise group:SSRIs,0.3418273870102717,0.758831514864412,-1.145455052457946,1.8291098264784895,0.4504654594786425,0.6523748543506198,0.4504654594786425,Exercise group : SSRIs
Exercise individual:Placebo,0.9347824098433793,0.7503902811014835,-0.5359555154644152,2.405520335151174,1.245728300839971,0.21286415997508507,1.245728300839971,Exercise individual : Placebo
Exercise individual:SSRIs,0.36820049712275804,0.7296990104609162,-1.0619832829351536,1.7983842771806695,0.5045922933213014,0.6138452238413031,0.5045922933213014,Exercise individual : SSRIs
Exercise individual + AD:SSRIs,1.1157411023517296,0.932865212589756,-0.7126411167544926,2.944123321457952,1.1960367771184073,0.23168220756970548,1.1960367771184073,Exercise individual + AD : SSRIs
Interpersonal psychotherapy (IPT) individual:Placebo,0.06148618366812042,0.7178941526998439,-1.3455605003354714,1.4685328676717122,0.08564797949235865,0.9317462564399678,0.08564797949235865,Interpersonal psychotherapy (IPT) individual : Placebo
Interpersonal psychotherapy (IPT) individual:TCAs,-0.12182905918102728,0.7175720877165274,-1.5282445074166373,1.2845863890545826,-0.16977954029498865,0.8651835177934413,-0.16977954029498865,Interpersonal psychotherapy (IPT) individual : TCAs
Light therapy:Placebo,0.3841674497124701,1.1761557389290003,-1.9210554387984642,2.6893903382234043,0.3266297455320759,0.7439479427815563,0.3266297455320759,Light therapy : Placebo
Light therapy:SSRIs,-0.5616203777534485,1.181306507184239,-2.876938586537363,1.753697831030466,-0.47542307973239417,0.6344854472693193,-0.47542307973239417,Light therapy : SSRIs
Light therapy + AD:Placebo,0.10779339961333645,0.8453565862203892,-1.549075063472355,1.7646618626990278,0.12751234374985293,0.8985349040309872,0.12751234374985293,Light therapy + AD : Placebo
Light therapy + AD:SSRIs,-0.3711284056414964,0.8443987819541625,-2.026119606861145,1.2838627955781519,-0.43951793106878595,0.6602862922906643,-0.43951793106878595,Light therapy + AD : SSRIs
Mirtazapine:Placebo,-0.19927757393773404,0.2943582275721312,-0.7762090985321561,0.37765395065668805,-0.6769899913495774,0.4984123046362886,-0.6769899913495774,Mirtazapine : Placebo
Mirtazapine:SSRIs,0.05304745397770913,0.2590767096551607,-0.4547335661795462,0.5608284741349645,0.20475578081996243,0.8377629367619344,0.20475578081996243,Mirtazapine : SSRIs
No treatment:SSRIs,-0.482412709535375,0.5254703770600446,-1.5123157235157445,0.5474903044449946,-0.9180588109160919,0.35858807717813196,-0.9180588109160919,No treatment : SSRIs
Problem solving individual:Placebo,0.0776926534630289,0.7477525561945493,-1.3878754260260502,1.543260732952108,0.10390155515939811,0.9172474729505288,0.10390155515939811,Placebo : Problem solving individual
Relaxation individual + AD:Placebo,1.135168770568957,1.4384899988755278,-1.6842198193481395,3.9545573604860538,0.7891391469223437,0.4300306839602816,0.7891391469223437,Placebo : Relaxation individual + AD
Relaxation individual + placebo:Placebo,1.113570977315579,1.4116533185244577,-1.6532186856488067,3.8803606402799646,0.7888416813836051,0.4302045446059298,0.7888416813836051,Placebo : Relaxation individual + placebo
Trazodone:Placebo,0.06886391529109526,0.456857565052939,-0.8265604582773298,0.9642882888595203,0.15073388416609793,0.8801856429098578,0.15073388416609793,Placebo : Trazodone
Problem solving individual:TCAs,0.1922769428646095,0.7437211231357839,-1.2653896730232055,1.6499435587524243,0.25853365849541,0.7959950758949706,0.25853365849541,Problem solving individual : TCAs
Relaxation individual + AD:TCAs,-0.8926462790929429,1.3995373554269663,-3.635689090748229,1.850396532562343,-0.6378152577575303,0.5235939462318786,-0.6378152577575303,Relaxation individual + AD : TCAs
Relaxation individual + placebo:TCAs,-0.8774602658582119,1.3713839607586575,-3.5653234379210708,1.8104029062046467,-0.6398355901528816,0.5222794918831644,-0.6398355901528816,Relaxation individual + placebo : TCAs
Short-term psychodynamic psychotherapies individual:SSRIs,0.3110642953816372,0.7531112989133555,-1.1650067268387183,1.7871353176019926,0.4130389436866287,0.67957808155184,0.4130389436866287,Short-term psychodynamic psychotherapies individual : SSRIs
SSRIs:TAU,0.4113974799116793,0.7244031806404475,-1.0084066644298604,1.831201624253219,0.567912304785798,0.5700945163050717,0.567912304785798,SSRIs : TAU
SSRIs:Trazodone,0.17252202520888346,0.3490887428876862,-0.5116793382593443,0.8567233886771113,0.49420678473264235,0.6211601486386036,0.49420678473264235,SSRIs : Trazodone
TAU:TCAs,-0.5508388407516452,0.7056511359025877,-1.9338896527704956,0.8322119712672053,-0.780610719271465,0.4350314852935107,-0.780610719271465,TAU : TCAs
TCAs:Trazodone,-0.49391444824886505,0.49156340086387973,-1.4573610100600944,0.4695321135623643,-1.0047827958323454,0.3150014498094972,-1.0047827958323454,TCAs : Trazodone
