studyid,pooled_sd_study
003-008 (FDA),9.97609643096938
29060 07 001,10.312668584480624
29060/299,8.887769798999072
Ai 2018,5.02928424330938
Akhondzadeh 2003,9.587217680700842
Albornoz 2011,6.025350612205071
Alexopoulos 2003b,5.695827992639802
Allard 2004,7.034523476963116
Allen 2006,4.6798268366232545
Alves 1999,4.542893610127931
Amsterdam 1986,7.451639536082039
Andreescu 2011,6.812505600595095
Andreoli 2002/Dubini 1997/Massana 1998_study 1,4.535208899581788
Arean 1993,5.555883173523165
Arean 2010,6.854564689141504
Ashouri 2013,6.0121744764672185
Bakish 1992b,3.4938785912821113
Baldwin 2012,9.701211405784642
Basterzi 2009,7.050877821149683
Baune 2018,8.484669969409294
Beach 1992,8.362275408045347
Beasley 1991a,7.441477892215967
Beasley 1993b,10.110929508328503
Benkert 1996,5.959789502078988
Benkert 2000,3.2509339317450654
Bersani 1994,5.803899916201875
Bhargava 2012,3.6381245168355627
Bielski 2004,9.954341360285897
Binnemann 2008,7.589687360971342
Bjerkenstedt 2005,7.511984194742164
Blackburn 1997,7.775602870517502
Blashki 1971,7.599908200179971
Blom 2007,9.666078252480096
Blumenthal 2007/Hoffman 2011,6.9518037772635495
Bose 2008,10.32239992588376
Boulenger 2014,9.430794018947429
Bowman 1995,7.637945684915173
Brannan 2005,7.869326432182145
Burke 2002,14.715998969586735
Carman 1991,7.76
Chang 2015,7.166525720953695
Chiu 1996,8.756997202237763
Choi 2012,8.291118685473256
Choi 2014a/Choi 2014b,7.972375836009504
Claghorn 1992a,9.371775562452532
Claghorn 1992b,8.315440088152227
Clayton 2006_study 1,8.025643383812785
Clayton 2006_study 2,7.9685512209128255
Clerc 1994,12.056456935856156
Cohn 1990b,7.76
Connolly Gibbons 2012,6.215104238036169
Connolly Gibbons 2016,5.219353387847393
Cornelius 1997,11.635703323681586
Costa 1998,7.237248313958473
Cutler 2009,6.242500646285836
De Ronchi 1998,7.818069119795806
DeJonghe 2001/Kool 2003,6.869674434008371
DeNayer 2002,8.12701495587545
Demyttenaere 1998,4.939445819117771
Detke 2002a,5.47221177482525
Detke 2002b,5.752099445768497
Detke 2004,5.888752883787517
Deushle 2003,6.807716210301364
Diaz-Martinez 1998,7.136242587863614
Dierick 1996,8.1531148680294
Doogan 1994,5.47726438379317
Duan 2009,4.7515786850266934
Dube 2010,8.833912841541625
Dubey 2012,7.440228491115041
E-1569,7.06434710358997
Eli Lilly HMAT-A,6.389266590075509
Elkin 1989/Imber 1990,6.8244928110197005
Emsley 2018,5.853665180005083
FDA 244 (EMD 68 843-009),7.609219393618493
FDA 245 (EMD 68 843-010),7.821712657013737
Fabre 1992,8.109401950822267
Fabre 1995a,13.41509532611288
Fagiolini 2020,6.696624878392455
Farabaugh 2015,6.722316069133709
Fava 1998a,12.822246293064255
Fava 2005,5.979548477937109
Fawcett 1989,6.296030495478875
Feighner 1982,5.921461227238882
Fonagy 2019,7.660288379399012
Forest Laboratories 2000,12.89118816247894
Forest Laboratories 2010,12.838616216436302
Forest Research Institute 2003,10.594344543263158
Forest Research Institute 2005,13.400763923649047
Forlenza 2001,11.184379099845312
Freed 1999,9.249873256599674
Fu 2003,6.300052909830731
Fudge 1990,6.568053998966003
GSK_29060/103,10.244756361739034
Gater 2010,5.788055228946364
Gentil 2000,3.1033654623621847
Georgotas 1982,8.153970337085148
Godlewska 2012,5.8420886675914145
Golden 2002_448,10.532468145971372
Golden 2002_449,10.572584656507528
Goldstein 2002,6.07387729914758
Goldstein 2004,4.977933047384469
Gual 2003,7.436338870873835
Guelfi 1995,10.33143075950575
Guelfi 2001,6.707678986097785
Hamamci 2006,8.402071486434636
Hamdan-Mansour 2009,8.25534791700321
Hao 2014,6.859419380767233
Hashemi 2012,4.82055947833968
Hatcher 2018,7.11125867902441
Heller 2009,3.7436499321938204
Hemat-Far 2012,5.5767373974394765
Hermens 2007,10.403625078458376
Hersen 1984,6.987473245239742
Hewett 2009,4.711952441559478
Hewett 2010,10.599332745126452
Hieronymus 2016_PZ/109,6.86396031599194
Higuchi 2009,6.383553301042668
Higuchi 2011,9.555064676683761
Higuchi 2016,12.997078430450157
Hojatifar 2017,8.181885479521192
Hollon 1992,8.66731259920327
Hong 2003,5.150242712727236
Hopko 2003,14.04265241884603
Hoyberg 1996,9.232977640295369
Hunter 2011,7.14403880701879
Husain 2014,3.905124837953327
Hwang 2004,5.850699070337705
Jacobson 1996,10.381934204334431
Jamison 1995,4.582793907650658
Janakiramaiah 2000,7.4222638056054056
Jefferson 2000,16.79385085625922
Jiahui 2006,9.930991894065771
Judd 2001,10.821609925482889
Kang 2009,9.169690605819348
Kanter 2015,8.19157970410961
Kasper 2005a,4.998084904558774
Kasper 2005b,4.9195254027882855
Kasper 2012,10.178751623621858
Katona 2012,9.665304747501185
Katz 1990,5.510120558701832
Katz 1993_Protocol 01,7.760000000000001
Katz 1993_Protocol 03,7.76
Kay-Lambkin 2009,10.481703105888855
Kay-Lambkin 2011/2017,10.777597374463895
Keller 2006_Study 062,8.46076562446193
Kennedy 2007,7.36240449853171
Khan 1991,12.375858278594988
Khan 1995,7.951414968419143
Khan 2007,8.829638303057155
Kheirabadi 2020,15.32056486205086
Khoshnab 2017,7.80807274556275
Kim 2011,2.9
Kinoshita 2009,11.272016599036537
Komulainen 2018,4.412250370653659
Kramer 2014,9.252710983079416
Kranzler 2006_Group A,7.217462483856938
Krejtz 2018,9.597515090812172
Lam 2013,8.545922039496654
Lam 2016,9.07903619912845
Lee 2007,5.840846033548661
Legrand 2016,10.82019996454443
Leinonen 1999,6.206489898731269
Levin 2013,5.715930156320462
Lindegaard 2019,5.3927961207522
Loo 2002,7.541015921396834
Luo 1985,8.482884729461631
M/2020/0046 (Study 046),8.450000000000001
M/2020/0046 (Study 047),7.45845330336638
MDF/29060/III/070/88/MC,8.424632110096926
MIR 003-003 (FDA),8.405355435673139
MIR 003-020 (FDA),8.167418450032484
MIR 003-021 (FDA),7.940352819525763
MY-1042/BRL-029060/CPMS-251,7.614513958328317
MY-1045/BRL-029060/1 (PAR 128),11.85118137571103
Macias-Cortes 2015,3.404712758151154
Mahableshwarkar 2013,9.215229242943446
Mahableshwarkar 2015a,4.283247520837296
Maina 2007,3.69850086337203
Marchesi 1998,6.217176667450084
Markkula 2019,7.649184494931467
Marshall 2008,4.925791122430809
Mathews 2015,10.050022864186026
McCallum 1975,7.037400088100716
McKnight 1992,7.611898740723263
McNamara 1986,5.584694006197398
Mehtonen 2000,4.020850827786371
Mendels 1993,9.32024291528928
Mendels 1999,5.454488852746817
Miller 1989a,6.6317418526357015
Miranda 2003/2006,4.5082573230583325
Miura 2000,11.29055100763797
Moak 2003,5.802919523825916
Mohr 2011,4.960865645409807
Moises 1981,7.114070564732966
Moller 1993,6.993222676183907
Moller 1998,9.348873117730745
Moller 2000,7.148943219984446
Montgomery 1992,11.173292014901508
Montgomery 2004,6.512798810028825
Moradveisi 2013,6.601803691329949
Mowla 2016,3.524529428492216
Mullin 1996,7.502666192761077
Mulsant 1999,3.9074951719123736
Mundt 2012,6.144616398084721
Munizza 2006,8.697879389963564
Murphy 1984,5.14222552338317
Murri 2015,5.333554792320884
Mynors-Wallis 1995,6.195986859617843
NCT01020799,10.462787147486898
NKD20006 (NCT00048204),7.849944643198929
Naeem 2014,3.4827118410738227
Naeem 2015,3.6879684259916177
Navarro 2001,5.852114367217772
Nemeroff 2007,3.233457267637744
Nezu 1989,6.632681574210003
Nierenberg 2007,6.783273675896804
Noguera 1991,4.895906453354679
Nyth 1992,9.507746941752128
Olie 1997,6.429742219085639
Owens 2008,8.794805644760658
Ozdemir 2015,5.796015872994141
PAR 01 001 (GSK & FDA),7.93
Paslakis 2010,5.483021923334312
Perahia 2006,6.897725572806019
Philipp 1999,7.330345130452155
Preskorn 1991,6.972631225505659
Qu 2013,7.551933668118356
Quah-Smith 2005,6.018128169677567
Quah-Smith 2013,5.091981277786998
Quilty 2014,5.7500842278571
Rapaport 2009,8.009862974549575
Raskin 2007,6.203920301194086
Ratti 2011_study 096,5.7120430580866515
Reimherr 1990,8.021815817471376
Richou 1995,5.552026656996524
Rickels 1992,5.5852520414903815
Rickels 1994,2.077071092746785
Rickhi 2011,4.715287798681036
Robinson 2014,7.415049368875243
Roose 2004,4.097900767182439
Ropert 1989,6.85005586153299
Roy 2018,4.351132036608404
Rush 1977/Kovacs 1981,9.33166940296075
SER 315 (FDA),8.402399045642989
Sahranavard 2018,2.9629489814484953
Salminen 2008,5.614631032637234
Saloheimo 2016,6.373071603761146
Samuelian 1998,11.15902661525634
Sauer 2003,6.152364853338153
Schatzberg 2002,3.5
Schmidt 1983,8.860424108620048
Schweizer 1991,9.81251120774585
Schweizer 1994,9.434369789940042
Schweizer 1998,5.852731356946396
Scott 1992,6.746073389227211
Serrano-Blanco 2006,8.712809161129428
Sharma 2005,4.2451796192858575
Sheehan 2009a,8.050654914629956
Sheehan 2009b,8.094597352166835
Shelton 2006,5.550675634551169
Silverstone 1994,4.296250594754958
Singh 2005,6.996345199734368
Sir 2005,8.39512060663812
Smeraldi 1998b,10.288040263096246
Sneed 2014,6.802054212665902
Solati 2016,3.861120303746052
Spring 1992,7.961865632364445
Sramek 1995,6.500219776504264
Staner 1995,8.519914751241418
Stark 1985,9.768560596085944
Study 62b (FDA),11.759745258150168
Study 89306 (FDA),17.133617157517236
Study F1J-MC-HMAQ - Study Group B,6.878764346194837
Suleman 1997,2.7838821814150125
Sun 2013,4.11904464816289
Thase 2018,5.205766033928148
Tollefson 1993/1995,7.35310250070752
Tollefson 1994,7.367886399775719
Tong 2020,4.475004482263573
Tsutsui 2000,9.2
Tylee 1997,6.544227946770451
Tzanakaki 2000,5.6
Umadevi 2013,4.682670959727278
VEN 600A-303 (FDA),8.45
VEN 600A-313 (FDA),10.740260704470817
VEN XR 367 (FDA),10.599760119562832
Valle-Cabrera 2018,2.558906016249913
Van Moffaert 1995b,5.000999900019996
Versiani 1989,5.050556136105273
Versiani 1999,7.40197411365514
Versiani 2005,7.03487050906253
WELL AK1A4006,10.311860905892095
Wade 2002,7.9076418735296805
Wade 2007,5.995849585838852
Wang 2013,6.8463603469288685
Wang 2014a,3.142538897871856
Wang 2014c,6.704945432068236
Ward 2000/King 2000,9.99614358630057
Wernicke 1987,14.211739080661204
Wernicke 1988,10.90845628879958
Wheatley 1998,5.994619210165124
White 1984,8.523334377792686
Wilson 1982,8.441709305584977
Wright 2005,6.150880695748645
Zhang 2007a,5.227953710583134
Zhang 2014,6.5
Zhang 2019,2.1166010488516704
Zhao 2006,10.309442011796497
Zhao 2019a,6.846585088087425
Zivkov 1995,8.705843538205345
Zu 2014,5.552026656996524
